uniqueSampleKey,uniquePatientKey,molecularProfileId,sampleId,patientId,entrezGeneId,gene_entrezGeneId,gene_hugoGeneSymbol,gene_type,studyId,center,mutationStatus,validationStatus,tumorAltCount,tumorRefCount,normalAltCount,normalRefCount,startPosition,endPosition,referenceAllele,proteinChange,mutationType,ncbiBuild,variantType,keyword,chr,variantAllele,refseqMrnaId,proteinPosStart,proteinPosEnd
VENHQS0zQy1BQUFVLTAxOmJyY2FfdGNnYV9wYW5fY2FuX2F0bGFzXzIwMTg,VENHQS0zQy1BQUFVOmJyY2FfdGNnYV9wYW5fY2FuX2F0bGFzXzIwMTg,brca_tcga_pan_can_atlas_2018_mutations,TCGA-3C-AAAU-01,TCGA-3C-AAAU,2625,2625,GATA3,protein-coding,brca_tcga_pan_can_atlas_2018,.,.,.,15,29,0,26,8115874,8115875,-,P408Afs*99,Frame_Shift_Ins,GRCh37,INS,GATA3 truncating,10,A,NA,407,408
VENHQS0zQy1BQUxJLTAxOmJyY2FfdGNnYV9wYW5fY2FuX2F0bGFzXzIwMTg,VENHQS0zQy1BQUxJOmJyY2FfdGNnYV9wYW5fY2FuX2F0bGFzXzIwMTg,brca_tcga_pan_can_atlas_2018_mutations,TCGA-3C-AALI-01,TCGA-3C-AALI,7153,7153,TOP2A,protein-coding,brca_tcga_pan_can_atlas_2018,.,.,.,18,20,0,43,38547887,38547887,C,E1380K,Missense_Mutation,GRCh37,SNP,TOP2A E1380 missense,17,T,NM_001067.3,1380,1380
VENHQS0zQy1BQUxJLTAxOmJyY2FfdGNnYV9wYW5fY2FuX2F0bGFzXzIwMTg,VENHQS0zQy1BQUxJOmJyY2FfdGNnYV9wYW5fY2FuX2F0bGFzXzIwMTg,brca_tcga_pan_can_atlas_2018_mutations,TCGA-3C-AALI-01,TCGA-3C-AALI,7157,7157,TP53,protein-coding,brca_tcga_pan_can_atlas_2018,.,.,.,181,95,0,23,7578382,7578382,G,S183*,Nonsense_Mutation,GRCh37,SNP,TP53 truncating,17,T,NM_001126112.2,183,183
VENHQS0zQy1BQUxJLTAxOmJyY2FfdGNnYV9wYW5fY2FuX2F0bGFzXzIwMTg,VENHQS0zQy1BQUxJOmJyY2FfdGNnYV9wYW5fY2FuX2F0bGFzXzIwMTg,brca_tcga_pan_can_atlas_2018_mutations,TCGA-3C-AALI-01,TCGA-3C-AALI,11200,11200,CHEK2,protein-coding,brca_tcga_pan_can_atlas_2018,.,.,.,15,83,0,42,29130505,29130505,G,Q69*,Nonsense_Mutation,GRCh37,SNP,CHEK2 truncating,22,A,NM_007194.3,69,69
VENHQS0zQy1BQUxKLTAxOmJyY2FfdGNnYV9wYW5fY2FuX2F0bGFzXzIwMTg,VENHQS0zQy1BQUxKOmJyY2FfdGNnYV9wYW5fY2FuX2F0bGFzXzIwMTg,brca_tcga_pan_can_atlas_2018_mutations,TCGA-3C-AALJ-01,TCGA-3C-AALJ,2625,2625,GATA3,protein-coding,brca_tcga_pan_can_atlas_2018,.,.,.,5,35,0,20,8115919,8115920,-,H423Afs*84,Frame_Shift_Ins,GRCh37,INS,GATA3 truncating,10,G,NA,422,423
VENHQS0zQy1BQUxKLTAxOmJyY2FfdGNnYV9wYW5fY2FuX2F0bGFzXzIwMTg,VENHQS0zQy1BQUxKOmJyY2FfdGNnYV9wYW5fY2FuX2F0bGFzXzIwMTg,brca_tcga_pan_can_atlas_2018_mutations,TCGA-3C-AALJ-01,TCGA-3C-AALJ,6926,6926,TBX3,protein-coding,brca_tcga_pan_can_atlas_2018,.,.,.,72,172,0,85,115117378,115117380,TAT,Y265Lfs*12,Frame_Shift_Del,GRCh37,DEL,TBX3 truncating,12,A,NM_016569.3,265,265
VENHQS0zQy1BQUxLLTAxOmJyY2FfdGNnYV9wYW5fY2FuX2F0bGFzXzIwMTg,VENHQS0zQy1BQUxLOmJyY2FfdGNnYV9wYW5fY2FuX2F0bGFzXzIwMTg,brca_tcga_pan_can_atlas_2018_mutations,TCGA-3C-AALK-01,TCGA-3C-AALK,5290,5290,PIK3CA,protein-coding,brca_tcga_pan_can_atlas_2018,.,.,.,22,81,0,212,178936082,178936082,G,E542K,Missense_Mutation,GRCh37,SNP,PIK3CA E542 missense,3,A,NM_006218.2,542,542
VENHQS0zQy1BQUxLLTAxOmJyY2FfdGNnYV9wYW5fY2FuX2F0bGFzXzIwMTg,VENHQS0zQy1BQUxLOmJyY2FfdGNnYV9wYW5fY2FuX2F0bGFzXzIwMTg,brca_tcga_pan_can_atlas_2018_mutations,TCGA-3C-AALK-01,TCGA-3C-AALK,5290,5290,PIK3CA,protein-coding,brca_tcga_pan_can_atlas_2018,.,.,.,6,24,0,89,178951957,178951957,G,M1004I,Missense_Mutation,GRCh37,SNP,PIK3CA M1004 missense,3,T,NM_006218.2,1004,1004
VENHQS00SC1BQUFLLTAxOmJyY2FfdGNnYV9wYW5fY2FuX2F0bGFzXzIwMTg,VENHQS00SC1BQUFLOmJyY2FfdGNnYV9wYW5fY2FuX2F0bGFzXzIwMTg,brca_tcga_pan_can_atlas_2018_mutations,TCGA-4H-AAAK-01,TCGA-4H-AAAK,2064,2064,ERBB2,protein-coding,brca_tcga_pan_can_atlas_2018,.,.,.,13,23,0,58,37881000,37881000,G,V777L,Missense_Mutation,GRCh37,SNP,ERBB2 V777 missense,17,T,NA,777,777
VENHQS01TC1BQVQwLTAxOmJyY2FfdGNnYV9wYW5fY2FuX2F0bGFzXzIwMTg,VENHQS01TC1BQVQwOmJyY2FfdGNnYV9wYW5fY2FuX2F0bGFzXzIwMTg,brca_tcga_pan_can_atlas_2018_mutations,TCGA-5L-AAT0-01,TCGA-5L-AAT0,5290,5290,PIK3CA,protein-coding,brca_tcga_pan_can_atlas_2018,.,.,.,10,35,0,19,178952085,178952085,A,H1047L,Missense_Mutation,GRCh37,SNP,PIK3CA H1047 missense,3,T,NM_006218.2,1047,1047
VENHQS1BMS1BMFNELTAxOmJyY2FfdGNnYV9wYW5fY2FuX2F0bGFzXzIwMTg,VENHQS1BMS1BMFNEOmJyY2FfdGNnYV9wYW5fY2FuX2F0bGFzXzIwMTg,brca_tcga_pan_can_atlas_2018_mutations,TCGA-A1-A0SD-01,TCGA-A1-A0SD,5728,5728,PTEN,protein-coding,brca_tcga_pan_can_atlas_2018,.,.,.,15,252,0,210,89692904,89692904,C,R130*,Nonsense_Mutation,GRCh37,SNP,PTEN truncating,10,T,NM_000314.4,130,130
VENHQS1BMS1BMFNELTAxOmJyY2FfdGNnYV9wYW5fY2FuX2F0bGFzXzIwMTg,VENHQS1BMS1BMFNEOmJyY2FfdGNnYV9wYW5fY2FuX2F0bGFzXzIwMTg,brca_tcga_pan_can_atlas_2018_mutations,TCGA-A1-A0SD-01,TCGA-A1-A0SD,2625,2625,GATA3,protein-coding,brca_tcga_pan_can_atlas_2018,.,.,.,23,32,0,24,8115955,8115956,-,S436Pfs*40,Frame_Shift_Ins,GRCh37,INS,GATA3 truncating,10,CC,NA,434,436
VENHQS1BMS1BMFNGLTAxOmJyY2FfdGNnYV9wYW5fY2FuX2F0bGFzXzIwMTg,VENHQS1BMS1BMFNGOmJyY2FfdGNnYV9wYW5fY2FuX2F0bGFzXzIwMTg,brca_tcga_pan_can_atlas_2018_mutations,TCGA-A1-A0SF-01,TCGA-A1-A0SF,2065,2065,ERBB3,protein-coding,brca_tcga_pan_can_atlas_2018,.,.,.,19,29,1,40,56492633,56492633,A,E928G,Missense_Mutation,GRCh37,SNP,ERBB3 E928 missense,12,G,NM_001982.3,928,928
VENHQS1BMS1BMFNHLTAxOmJyY2FfdGNnYV9wYW5fY2FuX2F0bGFzXzIwMTg,VENHQS1BMS1BMFNHOmJyY2FfdGNnYV9wYW5fY2FuX2F0bGFzXzIwMTg,brca_tcga_pan_can_atlas_2018_mutations,TCGA-A1-A0SG-01,TCGA-A1-A0SG,4214,4214,MAP3K1,protein-coding,brca_tcga_pan_can_atlas_2018,.,.,.,13,24,0,62,56178135,56178136,-,D1038Rfs*4,Frame_Shift_Ins,GRCh37,INS,MAP3K1 truncating,5,A,NM_005921.1,1036,1038
VENHQS1BMS1BMFNILTAxOmJyY2FfdGNnYV9wYW5fY2FuX2F0bGFzXzIwMTg,VENHQS1BMS1BMFNIOmJyY2FfdGNnYV9wYW5fY2FuX2F0bGFzXzIwMTg,brca_tcga_pan_can_atlas_2018_mutations,TCGA-A1-A0SH-01,TCGA-A1-A0SH,672,672,BRCA1,protein-coding,brca_tcga_pan_can_atlas_2018,.,.,.,44,160,0,120,41244748,41244748,G,Q934*,Nonsense_Mutation,GRCh37,SNP,BRCA1 truncating,17,A,NM_007294.3,934,934
VENHQS1BMS1BMFNJLTAxOmJyY2FfdGNnYV9wYW5fY2FuX2F0bGFzXzIwMTg,VENHQS1BMS1BMFNJOmJyY2FfdGNnYV9wYW5fY2FuX2F0bGFzXzIwMTg,brca_tcga_pan_can_atlas_2018_mutations,TCGA-A1-A0SI-01,TCGA-A1-A0SI,5290,5290,PIK3CA,protein-coding,brca_tcga_pan_can_atlas_2018,.,.,.,20,30,0,31,178952085,178952085,A,H1047R,Missense_Mutation,GRCh37,SNP,PIK3CA H1047 missense,3,G,NM_006218.2,1047,1047
VENHQS1BMS1BMFNJLTAxOmJyY2FfdGNnYV9wYW5fY2FuX2F0bGFzXzIwMTg,VENHQS1BMS1BMFNJOmJyY2FfdGNnYV9wYW5fY2FuX2F0bGFzXzIwMTg,brca_tcga_pan_can_atlas_2018_mutations,TCGA-A1-A0SI-01,TCGA-A1-A0SI,7157,7157,TP53,protein-coding,brca_tcga_pan_can_atlas_2018,.,.,.,6,13,0,39,7578406,7578406,C,R175H,Missense_Mutation,GRCh37,SNP,TP53 R175 missense,17,T,NM_001126112.2,175,175
VENHQS1BMS1BMFNJLTAxOmJyY2FfdGNnYV9wYW5fY2FuX2F0bGFzXzIwMTg,VENHQS1BMS1BMFNJOmJyY2FfdGNnYV9wYW5fY2FuX2F0bGFzXzIwMTg,brca_tcga_pan_can_atlas_2018_mutations,TCGA-A1-A0SI-01,TCGA-A1-A0SI,5290,5290,PIK3CA,protein-coding,brca_tcga_pan_can_atlas_2018,.,.,.,19,27,0,46,178938934,178938934,G,E726K,Missense_Mutation,GRCh37,SNP,PIK3CA E726 missense,3,A,NM_006218.2,726,726
VENHQS1BMS1BMFNJLTAxOmJyY2FfdGNnYV9wYW5fY2FuX2F0bGFzXzIwMTg,VENHQS1BMS1BMFNJOmJyY2FfdGNnYV9wYW5fY2FuX2F0bGFzXzIwMTg,brca_tcga_pan_can_atlas_2018_mutations,TCGA-A1-A0SI-01,TCGA-A1-A0SI,5925,5925,RB1,protein-coding,brca_tcga_pan_can_atlas_2018,.,.,.,10,37,0,47,49039501,49039501,C,S829*,Nonsense_Mutation,GRCh37,SNP,RB1 truncating,13,G,NM_000321.2,829,829
VENHQS1BMS1BMFNJLTAxOmJyY2FfdGNnYV9wYW5fY2FuX2F0bGFzXzIwMTg,VENHQS1BMS1BMFNJOmJyY2FfdGNnYV9wYW5fY2FuX2F0bGFzXzIwMTg,brca_tcga_pan_can_atlas_2018_mutations,TCGA-A1-A0SI-01,TCGA-A1-A0SI,672,672,BRCA1,protein-coding,brca_tcga_pan_can_atlas_2018,.,.,.,9,26,0,56,41276089,41276089,C,E9Q,Missense_Mutation,GRCh37,SNP,BRCA1 E9 missense,17,G,NM_007294.3,9,9
VENHQS1BMS1BMFNJLTAxOmJyY2FfdGNnYV9wYW5fY2FuX2F0bGFzXzIwMTg,VENHQS1BMS1BMFNJOmJyY2FfdGNnYV9wYW5fY2FuX2F0bGFzXzIwMTg,brca_tcga_pan_can_atlas_2018_mutations,TCGA-A1-A0SI-01,TCGA-A1-A0SI,5925,5925,RB1,protein-coding,brca_tcga_pan_can_atlas_2018,.,.,.,7,10,0,22,48941691,48941691,G,R334K,Missense_Mutation,GRCh37,SNP,RB1 R334 missense,13,A,NM_000321.2,334,334
VENHQS1BMS1BMFNLLTAxOmJyY2FfdGNnYV9wYW5fY2FuX2F0bGFzXzIwMTg,VENHQS1BMS1BMFNLOmJyY2FfdGNnYV9wYW5fY2FuX2F0bGFzXzIwMTg,brca_tcga_pan_can_atlas_2018_mutations,TCGA-A1-A0SK-01,TCGA-A1-A0SK,7157,7157,TP53,protein-coding,brca_tcga_pan_can_atlas_2018,.,.,.,57,1,0,126,7578532,7578532,A,M133K,Missense_Mutation,GRCh37,SNP,TP53 M133 missense,17,T,NM_001126112.2,133,133
VENHQS1BMS1BMFNPLTAxOmJyY2FfdGNnYV9wYW5fY2FuX2F0bGFzXzIwMTg,VENHQS1BMS1BMFNPOmJyY2FfdGNnYV9wYW5fY2FuX2F0bGFzXzIwMTg,brca_tcga_pan_can_atlas_2018_mutations,TCGA-A1-A0SO-01,TCGA-A1-A0SO,7157,7157,TP53,protein-coding,brca_tcga_pan_can_atlas_2018,.,.,.,148,22,0,157,7578190,7578190,T,Y220C,Missense_Mutation,GRCh37,SNP,TP53 Y220 missense,17,C,NM_001126112.2,220,220
VENHQS1BMS1BMFNPLTAxOmJyY2FfdGNnYV9wYW5fY2FuX2F0bGFzXzIwMTg,VENHQS1BMS1BMFNPOmJyY2FfdGNnYV9wYW5fY2FuX2F0bGFzXzIwMTg,brca_tcga_pan_can_atlas_2018_mutations,TCGA-A1-A0SO-01,TCGA-A1-A0SO,672,672,BRCA1,protein-coding,brca_tcga_pan_can_atlas_2018,.,.,.,113,11,0,88,41276033,41276033,C,X27_splice,Splice_Site,GRCh37,SNP,BRCA1 truncating,17,T,NM_007294.3,27,27
VENHQS1BMS1BMFNQLTAxOmJyY2FfdGNnYV9wYW5fY2FuX2F0bGFzXzIwMTg,VENHQS1BMS1BMFNQOmJyY2FfdGNnYV9wYW5fY2FuX2F0bGFzXzIwMTg,brca_tcga_pan_can_atlas_2018_mutations,TCGA-A1-A0SP-01,TCGA-A1-A0SP,7157,7157,TP53,protein-coding,brca_tcga_pan_can_atlas_2018,.,.,.,33,34,0,54,7578382,7578382,G,S183*,Nonsense_Mutation,GRCh37,SNP,TP53 truncating,17,C,NM_001126112.2,183,183
VENHQS1BMS1BMFNRLTAxOmJyY2FfdGNnYV9wYW5fY2FuX2F0bGFzXzIwMTg,VENHQS1BMS1BMFNROmJyY2FfdGNnYV9wYW5fY2FuX2F0bGFzXzIwMTg,brca_tcga_pan_can_atlas_2018_mutations,TCGA-A1-A0SQ-01,TCGA-A1-A0SQ,2625,2625,GATA3,protein-coding,brca_tcga_pan_can_atlas_2018,.,.,.,18,25,0,23,8115955,8115956,-,S436Lfs*71,Frame_Shift_Ins,GRCh37,INS,GATA3 truncating,10,C,NA,434,436
VENHQS1BMi1BMDROLTAxOmJyY2FfdGNnYV9wYW5fY2FuX2F0bGFzXzIwMTg,VENHQS1BMi1BMDROOmJyY2FfdGNnYV9wYW5fY2FuX2F0bGFzXzIwMTg,brca_tcga_pan_can_atlas_2018_mutations,TCGA-A2-A04N-01,TCGA-A2-A04N,5290,5290,PIK3CA,protein-coding,brca_tcga_pan_can_atlas_2018,.,.,.,24,49,0,100,178936082,178936082,G,E542K,Missense_Mutation,GRCh37,SNP,PIK3CA E542 missense,3,A,NM_006218.2,542,542
VENHQS1BMi1BMDROLTAxOmJyY2FfdGNnYV9wYW5fY2FuX2F0bGFzXzIwMTg,VENHQS1BMi1BMDROOmJyY2FfdGNnYV9wYW5fY2FuX2F0bGFzXzIwMTg,brca_tcga_pan_can_atlas_2018_mutations,TCGA-A2-A04N-01,TCGA-A2-A04N,4214,4214,MAP3K1,protein-coding,brca_tcga_pan_can_atlas_2018,.,.,.,24,132,0,163,56183211,56183211,A,N1374S,Missense_Mutation,GRCh37,SNP,MAP3K1 N1374 missense,5,G,NM_005921.1,1374,1374
VENHQS1BMi1BMDROLTAxOmJyY2FfdGNnYV9wYW5fY2FuX2F0bGFzXzIwMTg,VENHQS1BMi1BMDROOmJyY2FfdGNnYV9wYW5fY2FuX2F0bGFzXzIwMTg,brca_tcga_pan_can_atlas_2018_mutations,TCGA-A2-A04N-01,TCGA-A2-A04N,4214,4214,MAP3K1,protein-coding,brca_tcga_pan_can_atlas_2018,.,.,.,20,76,0,128,56168534,56168534,C,S497Ffs*60,Frame_Shift_Del,GRCh37,DEL,MAP3K1 truncating,5,-,NM_005921.1,497,497
VENHQS1BMi1BMDROLTAxOmJyY2FfdGNnYV9wYW5fY2FuX2F0bGFzXzIwMTg,VENHQS1BMi1BMDROOmJyY2FfdGNnYV9wYW5fY2FuX2F0bGFzXzIwMTg,brca_tcga_pan_can_atlas_2018_mutations,TCGA-A2-A04N-01,TCGA-A2-A04N,4214,4214,MAP3K1,protein-coding,brca_tcga_pan_can_atlas_2018,.,.,.,19,107,0,166,56181812,56181814,GTT,V1346del,In_Frame_Del,GRCh37,DEL,MAP3K1 1346-1346 deletion,5,-,NM_005921.1,1346,1346
VENHQS1BMi1BMDROLTAxOmJyY2FfdGNnYV9wYW5fY2FuX2F0bGFzXzIwMTg,VENHQS1BMi1BMDROOmJyY2FfdGNnYV9wYW5fY2FuX2F0bGFzXzIwMTg,brca_tcga_pan_can_atlas_2018_mutations,TCGA-A2-A04N-01,TCGA-A2-A04N,4214,4214,MAP3K1,protein-coding,brca_tcga_pan_can_atlas_2018,.,.,.,42,216,0,324,56184105,56184105,G,C1437F,Missense_Mutation,GRCh37,SNP,MAP3K1 C1437 missense,5,T,NM_005921.1,1437,1437
VENHQS1BMi1BMDRQLTAxOmJyY2FfdGNnYV9wYW5fY2FuX2F0bGFzXzIwMTg,VENHQS1BMi1BMDRQOmJyY2FfdGNnYV9wYW5fY2FuX2F0bGFzXzIwMTg,brca_tcga_pan_can_atlas_2018_mutations,TCGA-A2-A04P-01,TCGA-A2-A04P,5290,5290,PIK3CA,protein-coding,brca_tcga_pan_can_atlas_2018,.,.,.,3063,57,0,87,178916876,178916876,G,R88Q,Missense_Mutation,GRCh37,SNP,PIK3CA R88 missense,3,A,NM_006218.2,88,88
VENHQS1BMi1BMDRQLTAxOmJyY2FfdGNnYV9wYW5fY2FuX2F0bGFzXzIwMTg,VENHQS1BMi1BMDRQOmJyY2FfdGNnYV9wYW5fY2FuX2F0bGFzXzIwMTg,brca_tcga_pan_can_atlas_2018_mutations,TCGA-A2-A04P-01,TCGA-A2-A04P,7157,7157,TP53,protein-coding,brca_tcga_pan_can_atlas_2018,.,.,.,19,22,0,113,7579364,7579364,C,G108Vfs*15,Frame_Shift_Del,GRCh37,DEL,TP53 truncating,17,-,NM_001126112.2,108,108
VENHQS1BMi1BMDRQLTAxOmJyY2FfdGNnYV9wYW5fY2FuX2F0bGFzXzIwMTg,VENHQS1BMi1BMDRQOmJyY2FfdGNnYV9wYW5fY2FuX2F0bGFzXzIwMTg,brca_tcga_pan_can_atlas_2018_mutations,TCGA-A2-A04P-01,TCGA-A2-A04P,2065,2065,ERBB3,protein-coding,brca_tcga_pan_can_atlas_2018,.,.,.,59,42,0,96,56495315,56495315,A,T1169P,Missense_Mutation,GRCh37,SNP,ERBB3 T1169 missense,12,C,NM_001982.3,1169,1169
VENHQS1BMi1BMDRQLTAxOmJyY2FfdGNnYV9wYW5fY2FuX2F0bGFzXzIwMTg,VENHQS1BMi1BMDRQOmJyY2FfdGNnYV9wYW5fY2FuX2F0bGFzXzIwMTg,brca_tcga_pan_can_atlas_2018_mutations,TCGA-A2-A04P-01,TCGA-A2-A04P,675,675,BRCA2,protein-coding,brca_tcga_pan_can_atlas_2018,.,.,.,15,154,0,103,32971149,32971149,C,Q3206E,Missense_Mutation,GRCh37,SNP,BRCA2 Q3206 missense,13,G,NA,3206,3206
VENHQS1BMi1BMDRRLTAxOmJyY2FfdGNnYV9wYW5fY2FuX2F0bGFzXzIwMTg,VENHQS1BMi1BMDRROmJyY2FfdGNnYV9wYW5fY2FuX2F0bGFzXzIwMTg,brca_tcga_pan_can_atlas_2018_mutations,TCGA-A2-A04Q-01,TCGA-A2-A04Q,5295,5295,PIK3R1,protein-coding,brca_tcga_pan_can_atlas_2018,.,.,.,31,272,0,155,67591128,67591129,-,K575_T576dup,In_Frame_Ins,GRCh37,INS,,5,AAAGAC,NA,575,576
VENHQS1BMi1BMDRULTAxOmJyY2FfdGNnYV9wYW5fY2FuX2F0bGFzXzIwMTg,VENHQS1BMi1BMDRUOmJyY2FfdGNnYV9wYW5fY2FuX2F0bGFzXzIwMTg,brca_tcga_pan_can_atlas_2018_mutations,TCGA-A2-A04T-01,TCGA-A2-A04T,7157,7157,TP53,protein-coding,brca_tcga_pan_can_atlas_2018,.,.,.,174,108,0,256,7577120,7577120,C,R273H,Missense_Mutation,GRCh37,SNP,TP53 R273 missense,17,T,NM_001126112.2,273,273
VENHQS1BMi1BMDRULTAxOmJyY2FfdGNnYV9wYW5fY2FuX2F0bGFzXzIwMTg,VENHQS1BMi1BMDRUOmJyY2FfdGNnYV9wYW5fY2FuX2F0bGFzXzIwMTg,brca_tcga_pan_can_atlas_2018_mutations,TCGA-A2-A04T-01,TCGA-A2-A04T,5290,5290,PIK3CA,protein-coding,brca_tcga_pan_can_atlas_2018,.,.,.,282,65,0,75,178952084,178952084,C,H1047Y,Missense_Mutation,GRCh37,SNP,PIK3CA H1047 missense,3,T,NM_006218.2,1047,1047
VENHQS1BMi1BMDRULTAxOmJyY2FfdGNnYV9wYW5fY2FuX2F0bGFzXzIwMTg,VENHQS1BMi1BMDRUOmJyY2FfdGNnYV9wYW5fY2FuX2F0bGFzXzIwMTg,brca_tcga_pan_can_atlas_2018_mutations,TCGA-A2-A04T-01,TCGA-A2-A04T,7157,7157,TP53,protein-coding,brca_tcga_pan_can_atlas_2018,.,.,.,318,200,0,406,7578226,7578226,T,D208G,Missense_Mutation,GRCh37,SNP,TP53 D208 missense,17,C,NM_001126112.2,208,208
VENHQS1BMi1BMDRVLTAxOmJyY2FfdGNnYV9wYW5fY2FuX2F0bGFzXzIwMTg,VENHQS1BMi1BMDRVOmJyY2FfdGNnYV9wYW5fY2FuX2F0bGFzXzIwMTg,brca_tcga_pan_can_atlas_2018_mutations,TCGA-A2-A04U-01,TCGA-A2-A04U,5243,5243,ABCB1,protein-coding,brca_tcga_pan_can_atlas_2018,.,.,.,68,159,0,136,87145943,87145943,C,G989E,Missense_Mutation,GRCh37,SNP,ABCB1 G989 missense,7,T,NM_000927.4,989,989
VENHQS1BMi1BMDRVLTAxOmJyY2FfdGNnYV9wYW5fY2FuX2F0bGFzXzIwMTg,VENHQS1BMi1BMDRVOmJyY2FfdGNnYV9wYW5fY2FuX2F0bGFzXzIwMTg,brca_tcga_pan_can_atlas_2018_mutations,TCGA-A2-A04U-01,TCGA-A2-A04U,7157,7157,TP53,protein-coding,brca_tcga_pan_can_atlas_2018,.,.,.,15,15,0,32,7579365,7579367,CGT,Y107Cfs*16,Frame_Shift_Del,GRCh37,DEL,TP53 truncating,17,GC,NM_001126112.2,107,107
VENHQS1BMi1BMDRWLTAxOmJyY2FfdGNnYV9wYW5fY2FuX2F0bGFzXzIwMTg,VENHQS1BMi1BMDRWOmJyY2FfdGNnYV9wYW5fY2FuX2F0bGFzXzIwMTg,brca_tcga_pan_can_atlas_2018_mutations,TCGA-A2-A04V-01,TCGA-A2-A04V,5290,5290,PIK3CA,protein-coding,brca_tcga_pan_can_atlas_2018,.,.,.,30,42,0,95,178917478,178917478,G,G118D,Missense_Mutation,GRCh37,SNP,PIK3CA G118 missense,3,A,NM_006218.2,118,118
VENHQS1BMi1BMDRXLTAxOmJyY2FfdGNnYV9wYW5fY2FuX2F0bGFzXzIwMTg,VENHQS1BMi1BMDRXOmJyY2FfdGNnYV9wYW5fY2FuX2F0bGFzXzIwMTg,brca_tcga_pan_can_atlas_2018_mutations,TCGA-A2-A04W-01,TCGA-A2-A04W,5290,5290,PIK3CA,protein-coding,brca_tcga_pan_can_atlas_2018,.,.,.,30,40,0,135,178952085,178952085,A,H1047R,Missense_Mutation,GRCh37,SNP,PIK3CA H1047 missense,3,G,NM_006218.2,1047,1047
VENHQS1BMi1BMDRXLTAxOmJyY2FfdGNnYV9wYW5fY2FuX2F0bGFzXzIwMTg,VENHQS1BMi1BMDRXOmJyY2FfdGNnYV9wYW5fY2FuX2F0bGFzXzIwMTg,brca_tcga_pan_can_atlas_2018_mutations,TCGA-A2-A04W-01,TCGA-A2-A04W,7157,7157,TP53,protein-coding,brca_tcga_pan_can_atlas_2018,.,.,.,31,60,0,163,7577124,7577124,C,V272M,Missense_Mutation,GRCh37,SNP,TP53 V272 missense,17,T,NM_001126112.2,272,272
VENHQS1BMi1BMENMLTAxOmJyY2FfdGNnYV9wYW5fY2FuX2F0bGFzXzIwMTg,VENHQS1BMi1BMENMOmJyY2FfdGNnYV9wYW5fY2FuX2F0bGFzXzIwMTg,brca_tcga_pan_can_atlas_2018_mutations,TCGA-A2-A0CL-01,TCGA-A2-A0CL,7157,7157,TP53,protein-coding,brca_tcga_pan_can_atlas_2018,.,.,.,38,173,0,189,7577120,7577120,C,R273L,Missense_Mutation,GRCh37,SNP,TP53 R273 missense,17,A,NM_001126112.2,273,273
VENHQS1BMi1BMENNLTAxOmJyY2FfdGNnYV9wYW5fY2FuX2F0bGFzXzIwMTg,VENHQS1BMi1BMENNOmJyY2FfdGNnYV9wYW5fY2FuX2F0bGFzXzIwMTg,brca_tcga_pan_can_atlas_2018_mutations,TCGA-A2-A0CM-01,TCGA-A2-A0CM,7157,7157,TP53,protein-coding,brca_tcga_pan_can_atlas_2018,.,.,.,100,185,0,412,7578239,7578239,C,E204Sfs*43,Frame_Shift_Del,GRCh37,DEL,TP53 truncating,17,-,"NM_001126112.2,NM_001276761.1,NM_001276760.1,NM_000546.5,NM_0011",204,204
VENHQS1BMi1BMENQLTAxOmJyY2FfdGNnYV9wYW5fY2FuX2F0bGFzXzIwMTg,VENHQS1BMi1BMENQOmJyY2FfdGNnYV9wYW5fY2FuX2F0bGFzXzIwMTg,brca_tcga_pan_can_atlas_2018_mutations,TCGA-A2-A0CP-01,TCGA-A2-A0CP,5290,5290,PIK3CA,protein-coding,brca_tcga_pan_can_atlas_2018,.,.,.,30,63,0,79,178952085,178952085,A,H1047R,Missense_Mutation,GRCh37,SNP,PIK3CA H1047 missense,3,G,NM_006218.2,1047,1047
VENHQS1BMi1BMENQLTAxOmJyY2FfdGNnYV9wYW5fY2FuX2F0bGFzXzIwMTg,VENHQS1BMi1BMENQOmJyY2FfdGNnYV9wYW5fY2FuX2F0bGFzXzIwMTg,brca_tcga_pan_can_atlas_2018_mutations,TCGA-A2-A0CP-01,TCGA-A2-A0CP,4214,4214,MAP3K1,protein-coding,brca_tcga_pan_can_atlas_2018,.,.,.,6,39,0,49,56161284,56161284,G,X384_splice,Splice_Site,GRCh37,SNP,MAP3K1 truncating,5,T,NM_005921.1,384,384
VENHQS1BMi1BMENQLTAxOmJyY2FfdGNnYV9wYW5fY2FuX2F0bGFzXzIwMTg,VENHQS1BMi1BMENQOmJyY2FfdGNnYV9wYW5fY2FuX2F0bGFzXzIwMTg,brca_tcga_pan_can_atlas_2018_mutations,TCGA-A2-A0CP-01,TCGA-A2-A0CP,5290,5290,PIK3CA,protein-coding,brca_tcga_pan_can_atlas_2018,.,.,.,20,92,0,62,178938934,178938934,G,E726K,Missense_Mutation,GRCh37,SNP,PIK3CA E726 missense,3,A,NM_006218.2,726,726
VENHQS1BMi1BMENQLTAxOmJyY2FfdGNnYV9wYW5fY2FuX2F0bGFzXzIwMTg,VENHQS1BMi1BMENQOmJyY2FfdGNnYV9wYW5fY2FuX2F0bGFzXzIwMTg,brca_tcga_pan_can_atlas_2018_mutations,TCGA-A2-A0CP-01,TCGA-A2-A0CP,4214,4214,MAP3K1,protein-coding,brca_tcga_pan_can_atlas_2018,.,.,.,67,183,0,191,56170973,56170973,G,E601*,Nonsense_Mutation,GRCh37,SNP,MAP3K1 truncating,5,T,NM_005921.1,601,601
VENHQS1BMi1BMENSLTAxOmJyY2FfdGNnYV9wYW5fY2FuX2F0bGFzXzIwMTg,VENHQS1BMi1BMENSOmJyY2FfdGNnYV9wYW5fY2FuX2F0bGFzXzIwMTg,brca_tcga_pan_can_atlas_2018_mutations,TCGA-A2-A0CR-01,TCGA-A2-A0CR,5290,5290,PIK3CA,protein-coding,brca_tcga_pan_can_atlas_2018,.,.,.,6,45,0,42,178936082,178936082,G,E542K,Missense_Mutation,GRCh37,SNP,PIK3CA E542 missense,3,A,NM_006218.2,542,542
VENHQS1BMi1BMENTLTAxOmJyY2FfdGNnYV9wYW5fY2FuX2F0bGFzXzIwMTg,VENHQS1BMi1BMENTOmJyY2FfdGNnYV9wYW5fY2FuX2F0bGFzXzIwMTg,brca_tcga_pan_can_atlas_2018_mutations,TCGA-A2-A0CS-01,TCGA-A2-A0CS,5290,5290,PIK3CA,protein-coding,brca_tcga_pan_can_atlas_2018,.,.,.,31,190,0,103,178952085,178952085,A,H1047R,Missense_Mutation,GRCh37,SNP,PIK3CA H1047 missense,3,G,NM_006218.2,1047,1047
VENHQS1BMi1BMENTLTAxOmJyY2FfdGNnYV9wYW5fY2FuX2F0bGFzXzIwMTg,VENHQS1BMi1BMENTOmJyY2FfdGNnYV9wYW5fY2FuX2F0bGFzXzIwMTg,brca_tcga_pan_can_atlas_2018_mutations,TCGA-A2-A0CS-01,TCGA-A2-A0CS,5728,5728,PTEN,protein-coding,brca_tcga_pan_can_atlas_2018,.,.,.,73,118,0,60,89693002,89693003,-,V166Sfs*14,Frame_Shift_Ins,GRCh37,INS,PTEN truncating,10,A,NM_000314.4,162,166
VENHQS1BMi1BMENWLTAxOmJyY2FfdGNnYV9wYW5fY2FuX2F0bGFzXzIwMTg,VENHQS1BMi1BMENWOmJyY2FfdGNnYV9wYW5fY2FuX2F0bGFzXzIwMTg,brca_tcga_pan_can_atlas_2018_mutations,TCGA-A2-A0CV-01,TCGA-A2-A0CV,2625,2625,GATA3,protein-coding,brca_tcga_pan_can_atlas_2018,.,.,.,38,67,0,68,8111433,8111434,CA,X308_splice,Splice_Site,GRCh37,DEL,GATA3 truncating,10,-,NA,308,308
VENHQS1BMi1BMENXLTAxOmJyY2FfdGNnYV9wYW5fY2FuX2F0bGFzXzIwMTg,VENHQS1BMi1BMENXOmJyY2FfdGNnYV9wYW5fY2FuX2F0bGFzXzIwMTg,brca_tcga_pan_can_atlas_2018_mutations,TCGA-A2-A0CW-01,TCGA-A2-A0CW,7157,7157,TP53,protein-coding,brca_tcga_pan_can_atlas_2018,.,.,.,78,68,0,250,7578263,7578263,G,R196*,Nonsense_Mutation,GRCh37,SNP,TP53 truncating,17,A,NM_001126112.2,196,196
VENHQS1BMi1BMENXLTAxOmJyY2FfdGNnYV9wYW5fY2FuX2F0bGFzXzIwMTg,VENHQS1BMi1BMENXOmJyY2FfdGNnYV9wYW5fY2FuX2F0bGFzXzIwMTg,brca_tcga_pan_can_atlas_2018_mutations,TCGA-A2-A0CW-01,TCGA-A2-A0CW,5290,5290,PIK3CA,protein-coding,brca_tcga_pan_can_atlas_2018,.,.,.,22,85,0,141,178952090,178952090,G,G1049R,Missense_Mutation,GRCh37,SNP,PIK3CA G1049 missense,3,C,NM_006218.2,1049,1049
VENHQS1BMi1BMENYLTAxOmJyY2FfdGNnYV9wYW5fY2FuX2F0bGFzXzIwMTg,VENHQS1BMi1BMENYOmJyY2FfdGNnYV9wYW5fY2FuX2F0bGFzXzIwMTg,brca_tcga_pan_can_atlas_2018_mutations,TCGA-A2-A0CX-01,TCGA-A2-A0CX,7157,7157,TP53,protein-coding,brca_tcga_pan_can_atlas_2018,.,.,.,29,38,1,131,7577121,7577121,G,R273C,Missense_Mutation,GRCh37,SNP,TP53 R273 missense,17,A,NM_001126112.2,273,273
VENHQS1BMi1BMENYLTAxOmJyY2FfdGNnYV9wYW5fY2FuX2F0bGFzXzIwMTg,VENHQS1BMi1BMENYOmJyY2FfdGNnYV9wYW5fY2FuX2F0bGFzXzIwMTg,brca_tcga_pan_can_atlas_2018_mutations,TCGA-A2-A0CX-01,TCGA-A2-A0CX,7153,7153,TOP2A,protein-coding,brca_tcga_pan_can_atlas_2018,.,.,.,6,21,0,20,38569453,38569453,G,F190L,Missense_Mutation,GRCh37,SNP,TOP2A F190 missense,17,C,NM_001067.3,190,190
VENHQS1BMi1BMENaLTAxOmJyY2FfdGNnYV9wYW5fY2FuX2F0bGFzXzIwMTg,VENHQS1BMi1BMENaOmJyY2FfdGNnYV9wYW5fY2FuX2F0bGFzXzIwMTg,brca_tcga_pan_can_atlas_2018_mutations,TCGA-A2-A0CZ-01,TCGA-A2-A0CZ,2625,2625,GATA3,protein-coding,brca_tcga_pan_can_atlas_2018,.,.,.,6,49,0,58,8115874,8115875,-,P408Afs*99,Frame_Shift_Ins,GRCh37,INS,GATA3 truncating,10,T,NA,407,408
VENHQS1BMi1BMENaLTAxOmJyY2FfdGNnYV9wYW5fY2FuX2F0bGFzXzIwMTg,VENHQS1BMi1BMENaOmJyY2FfdGNnYV9wYW5fY2FuX2F0bGFzXzIwMTg,brca_tcga_pan_can_atlas_2018_mutations,TCGA-A2-A0CZ-01,TCGA-A2-A0CZ,5728,5728,PTEN,protein-coding,brca_tcga_pan_can_atlas_2018,.,.,.,29,254,0,309,89717625,89717625,T,V217A,Missense_Mutation,GRCh37,SNP,PTEN V217 missense,10,C,NM_000314.4,217,217
VENHQS1BMi1BMEQwLTAxOmJyY2FfdGNnYV9wYW5fY2FuX2F0bGFzXzIwMTg,VENHQS1BMi1BMEQwOmJyY2FfdGNnYV9wYW5fY2FuX2F0bGFzXzIwMTg,brca_tcga_pan_can_atlas_2018_mutations,TCGA-A2-A0D0-01,TCGA-A2-A0D0,7157,7157,TP53,protein-coding,brca_tcga_pan_can_atlas_2018,.,.,.,207,118,0,156,7578263,7578263,G,R196*,Nonsense_Mutation,GRCh37,SNP,TP53 truncating,17,A,NM_001126112.2,196,196
VENHQS1BMi1BMEQxLTAxOmJyY2FfdGNnYV9wYW5fY2FuX2F0bGFzXzIwMTg,VENHQS1BMi1BMEQxOmJyY2FfdGNnYV9wYW5fY2FuX2F0bGFzXzIwMTg,brca_tcga_pan_can_atlas_2018_mutations,TCGA-A2-A0D1-01,TCGA-A2-A0D1,5290,5290,PIK3CA,protein-coding,brca_tcga_pan_can_atlas_2018,.,.,.,67,135,0,97,178936082,178936082,G,E542K,Missense_Mutation,GRCh37,SNP,PIK3CA E542 missense,3,A,NM_006218.2,542,542
VENHQS1BMi1BMEQxLTAxOmJyY2FfdGNnYV9wYW5fY2FuX2F0bGFzXzIwMTg,VENHQS1BMi1BMEQxOmJyY2FfdGNnYV9wYW5fY2FuX2F0bGFzXzIwMTg,brca_tcga_pan_can_atlas_2018_mutations,TCGA-A2-A0D1-01,TCGA-A2-A0D1,7157,7157,TP53,protein-coding,brca_tcga_pan_can_atlas_2018,.,.,.,157,48,0,546,7576855,7576855,G,Q331*,Nonsense_Mutation,GRCh37,SNP,TP53 truncating,17,A,NM_001126112.2,331,331
VENHQS1BMi1BMEQyLTAxOmJyY2FfdGNnYV9wYW5fY2FuX2F0bGFzXzIwMTg,VENHQS1BMi1BMEQyOmJyY2FfdGNnYV9wYW5fY2FuX2F0bGFzXzIwMTg,brca_tcga_pan_can_atlas_2018_mutations,TCGA-A2-A0D2-01,TCGA-A2-A0D2,7157,7157,TP53,protein-coding,brca_tcga_pan_can_atlas_2018,.,.,.,86,198,0,687,7576885,7576895,TCTTCTTTGGC,P318Tfs*15,Frame_Shift_Del,GRCh37,DEL,TP53 truncating,17,-,NM_001126112.2,317,318
VENHQS1BMi1BMEQzLTAxOmJyY2FfdGNnYV9wYW5fY2FuX2F0bGFzXzIwMTg,VENHQS1BMi1BMEQzOmJyY2FfdGNnYV9wYW5fY2FuX2F0bGFzXzIwMTg,brca_tcga_pan_can_atlas_2018_mutations,TCGA-A2-A0D3-01,TCGA-A2-A0D3,5290,5290,PIK3CA,protein-coding,brca_tcga_pan_can_atlas_2018,.,.,.,53,63,0,121,178952085,178952085,A,H1047R,Missense_Mutation,GRCh37,SNP,PIK3CA H1047 missense,3,G,NM_006218.2,1047,1047
VENHQS1BMi1BMEQzLTAxOmJyY2FfdGNnYV9wYW5fY2FuX2F0bGFzXzIwMTg,VENHQS1BMi1BMEQzOmJyY2FfdGNnYV9wYW5fY2FuX2F0bGFzXzIwMTg,brca_tcga_pan_can_atlas_2018_mutations,TCGA-A2-A0D3-01,TCGA-A2-A0D3,2625,2625,GATA3,protein-coding,brca_tcga_pan_can_atlas_2018,.,.,.,32,94,0,103,8111543,8111544,-,Y344Lfs*8,Frame_Shift_Ins,GRCh37,INS,GATA3 truncating,10,T,NA,343,344
VENHQS1BMi1BMEVNLTAxOmJyY2FfdGNnYV9wYW5fY2FuX2F0bGFzXzIwMTg,VENHQS1BMi1BMEVNOmJyY2FfdGNnYV9wYW5fY2FuX2F0bGFzXzIwMTg,brca_tcga_pan_can_atlas_2018_mutations,TCGA-A2-A0EM-01,TCGA-A2-A0EM,5290,5290,PIK3CA,protein-coding,brca_tcga_pan_can_atlas_2018,.,.,.,57,101,0,77,178952085,178952085,A,H1047L,Missense_Mutation,GRCh37,SNP,PIK3CA H1047 missense,3,T,NM_006218.2,1047,1047
VENHQS1BMi1BMEVOLTAxOmJyY2FfdGNnYV9wYW5fY2FuX2F0bGFzXzIwMTg,VENHQS1BMi1BMEVOOmJyY2FfdGNnYV9wYW5fY2FuX2F0bGFzXzIwMTg,brca_tcga_pan_can_atlas_2018_mutations,TCGA-A2-A0EN-01,TCGA-A2-A0EN,5290,5290,PIK3CA,protein-coding,brca_tcga_pan_can_atlas_2018,.,.,.,20,90,0,53,178952085,178952085,A,H1047R,Missense_Mutation,GRCh37,SNP,PIK3CA H1047 missense,3,G,NM_006218.2,1047,1047
VENHQS1BMi1BMEVOLTAxOmJyY2FfdGNnYV9wYW5fY2FuX2F0bGFzXzIwMTg,VENHQS1BMi1BMEVOOmJyY2FfdGNnYV9wYW5fY2FuX2F0bGFzXzIwMTg,brca_tcga_pan_can_atlas_2018_mutations,TCGA-A2-A0EN-01,TCGA-A2-A0EN,5290,5290,PIK3CA,protein-coding,brca_tcga_pan_can_atlas_2018,.,.,.,20,67,0,45,178952139,178952139,A,H1065L,Missense_Mutation,GRCh37,SNP,PIK3CA H1065 missense,3,T,NM_006218.2,1065,1065
VENHQS1BMi1BMEVPLTAxOmJyY2FfdGNnYV9wYW5fY2FuX2F0bGFzXzIwMTg,VENHQS1BMi1BMEVPOmJyY2FfdGNnYV9wYW5fY2FuX2F0bGFzXzIwMTg,brca_tcga_pan_can_atlas_2018_mutations,TCGA-A2-A0EO-01,TCGA-A2-A0EO,5290,5290,PIK3CA,protein-coding,brca_tcga_pan_can_atlas_2018,.,.,.,39,93,0,85,178936082,178936082,G,E542K,Missense_Mutation,GRCh37,SNP,PIK3CA E542 missense,3,A,NM_006218.2,542,542
VENHQS1BMi1BMEVRLTAxOmJyY2FfdGNnYV9wYW5fY2FuX2F0bGFzXzIwMTg,VENHQS1BMi1BMEVROmJyY2FfdGNnYV9wYW5fY2FuX2F0bGFzXzIwMTg,brca_tcga_pan_can_atlas_2018_mutations,TCGA-A2-A0EQ-01,TCGA-A2-A0EQ,5290,5290,PIK3CA,protein-coding,brca_tcga_pan_can_atlas_2018,.,.,.,36,74,0,77,178952085,178952085,A,H1047R,Missense_Mutation,GRCh37,SNP,PIK3CA H1047 missense,3,G,NM_006218.2,1047,1047
VENHQS1BMi1BMEVRLTAxOmJyY2FfdGNnYV9wYW5fY2FuX2F0bGFzXzIwMTg,VENHQS1BMi1BMEVROmJyY2FfdGNnYV9wYW5fY2FuX2F0bGFzXzIwMTg,brca_tcga_pan_can_atlas_2018_mutations,TCGA-A2-A0EQ-01,TCGA-A2-A0EQ,7157,7157,TP53,protein-coding,brca_tcga_pan_can_atlas_2018,.,.,.,51,112,0,135,7578443,7578445,AGA,I162_Y163delinsN,In_Frame_Del,GRCh37,DEL,,17,-,NM_001126112.2,162,163
VENHQS1BMi1BMEVVLTAxOmJyY2FfdGNnYV9wYW5fY2FuX2F0bGFzXzIwMTg,VENHQS1BMi1BMEVVOmJyY2FfdGNnYV9wYW5fY2FuX2F0bGFzXzIwMTg,brca_tcga_pan_can_atlas_2018_mutations,TCGA-A2-A0EU-01,TCGA-A2-A0EU,4214,4214,MAP3K1,protein-coding,brca_tcga_pan_can_atlas_2018,.,.,.,41,72,0,86,56160679,56160680,-,L319Tfs*7,Frame_Shift_Ins,GRCh37,INS,MAP3K1 truncating,5,A,NM_005921.1,318,319
VENHQS1BMi1BMEVVLTAxOmJyY2FfdGNnYV9wYW5fY2FuX2F0bGFzXzIwMTg,VENHQS1BMi1BMEVVOmJyY2FfdGNnYV9wYW5fY2FuX2F0bGFzXzIwMTg,brca_tcga_pan_can_atlas_2018_mutations,TCGA-A2-A0EU-01,TCGA-A2-A0EU,4214,4214,MAP3K1,protein-coding,brca_tcga_pan_can_atlas_2018,.,.,.,46,100,0,135,56181765,56181765,C,S1330W,Missense_Mutation,GRCh37,SNP,MAP3K1 S1330 missense,5,G,NM_005921.1,1330,1330
VENHQS1BMi1BMEVWLTAxOmJyY2FfdGNnYV9wYW5fY2FuX2F0bGFzXzIwMTg,VENHQS1BMi1BMEVWOmJyY2FfdGNnYV9wYW5fY2FuX2F0bGFzXzIwMTg,brca_tcga_pan_can_atlas_2018_mutations,TCGA-A2-A0EV-01,TCGA-A2-A0EV,5290,5290,PIK3CA,protein-coding,brca_tcga_pan_can_atlas_2018,.,.,.,78,55,0,62,178952085,178952085,A,H1047R,Missense_Mutation,GRCh37,SNP,PIK3CA H1047 missense,3,G,NM_006218.2,1047,1047
VENHQS1BMi1BMEVWLTAxOmJyY2FfdGNnYV9wYW5fY2FuX2F0bGFzXzIwMTg,VENHQS1BMi1BMEVWOmJyY2FfdGNnYV9wYW5fY2FuX2F0bGFzXzIwMTg,brca_tcga_pan_can_atlas_2018_mutations,TCGA-A2-A0EV-01,TCGA-A2-A0EV,5290,5290,PIK3CA,protein-coding,brca_tcga_pan_can_atlas_2018,.,.,.,20,69,0,60,178928219,178928220,-,E469delinsDK,In_Frame_Ins,GRCh37,INS,,3,ATA,NM_006218.2,469,469
VENHQS1BMi1BMEVXLTAxOmJyY2FfdGNnYV9wYW5fY2FuX2F0bGFzXzIwMTg,VENHQS1BMi1BMEVXOmJyY2FfdGNnYV9wYW5fY2FuX2F0bGFzXzIwMTg,brca_tcga_pan_can_atlas_2018_mutations,TCGA-A2-A0EW-01,TCGA-A2-A0EW,5290,5290,PIK3CA,protein-coding,brca_tcga_pan_can_atlas_2018,.,.,.,37,127,0,55,178936095,178936095,A,Q546R,Missense_Mutation,GRCh37,SNP,PIK3CA Q546 missense,3,G,NM_006218.2,546,546
VENHQS1BMi1BMEVYLTAxOmJyY2FfdGNnYV9wYW5fY2FuX2F0bGFzXzIwMTg,VENHQS1BMi1BMEVYOmJyY2FfdGNnYV9wYW5fY2FuX2F0bGFzXzIwMTg,brca_tcga_pan_can_atlas_2018_mutations,TCGA-A2-A0EX-01,TCGA-A2-A0EX,5290,5290,PIK3CA,protein-coding,brca_tcga_pan_can_atlas_2018,.,.,.,19,52,0,45,178936091,178936091,G,E545K,Missense_Mutation,GRCh37,SNP,PIK3CA E545 missense,3,A,NM_006218.2,545,545
VENHQS1BMi1BMEVZLTAxOmJyY2FfdGNnYV9wYW5fY2FuX2F0bGFzXzIwMTg,VENHQS1BMi1BMEVZOmJyY2FfdGNnYV9wYW5fY2FuX2F0bGFzXzIwMTg,brca_tcga_pan_can_atlas_2018_mutations,TCGA-A2-A0EY-01,TCGA-A2-A0EY,7157,7157,TP53,protein-coding,brca_tcga_pan_can_atlas_2018,.,.,.,49,73,0,231,7577580,7577580,T,Y234C,Missense_Mutation,GRCh37,SNP,TP53 Y234 missense,17,C,NM_001126112.2,234,234
VENHQS1BMi1BMEVZLTAxOmJyY2FfdGNnYV9wYW5fY2FuX2F0bGFzXzIwMTg,VENHQS1BMi1BMEVZOmJyY2FfdGNnYV9wYW5fY2FuX2F0bGFzXzIwMTg,brca_tcga_pan_can_atlas_2018_mutations,TCGA-A2-A0EY-01,TCGA-A2-A0EY,5290,5290,PIK3CA,protein-coding,brca_tcga_pan_can_atlas_2018,.,.,.,36,56,0,77,178917478,178917478,G,G118D,Missense_Mutation,GRCh37,SNP,PIK3CA G118 missense,3,A,NM_006218.2,118,118
VENHQS1BMi1BMEVZLTAxOmJyY2FfdGNnYV9wYW5fY2FuX2F0bGFzXzIwMTg,VENHQS1BMi1BMEVZOmJyY2FfdGNnYV9wYW5fY2FuX2F0bGFzXzIwMTg,brca_tcga_pan_can_atlas_2018_mutations,TCGA-A2-A0EY-01,TCGA-A2-A0EY,472,472,ATM,protein-coding,brca_tcga_pan_can_atlas_2018,.,.,.,12,153,0,80,108164187,108164187,C,P1587T,Missense_Mutation,GRCh37,SNP,ATM P1587 missense,11,A,NM_000051.3,1587,1587
VENHQS1BMi1BMFNULTAxOmJyY2FfdGNnYV9wYW5fY2FuX2F0bGFzXzIwMTg,VENHQS1BMi1BMFNUOmJyY2FfdGNnYV9wYW5fY2FuX2F0bGFzXzIwMTg,brca_tcga_pan_can_atlas_2018_mutations,TCGA-A2-A0ST-01,TCGA-A2-A0ST,7157,7157,TP53,protein-coding,brca_tcga_pan_can_atlas_2018,.,.,.,5,50,0,101,7578442,7578442,T,Y163C,Missense_Mutation,GRCh37,SNP,TP53 Y163 missense,17,C,NM_001126112.2,163,163
VENHQS1BMi1BMFNVLTAxOmJyY2FfdGNnYV9wYW5fY2FuX2F0bGFzXzIwMTg,VENHQS1BMi1BMFNVOmJyY2FfdGNnYV9wYW5fY2FuX2F0bGFzXzIwMTg,brca_tcga_pan_can_atlas_2018_mutations,TCGA-A2-A0SU-01,TCGA-A2-A0SU,2625,2625,GATA3,protein-coding,brca_tcga_pan_can_atlas_2018,.,.,.,25,95,0,55,8115874,8115875,-,P408Afs*99,Frame_Shift_Ins,GRCh37,INS,GATA3 truncating,10,G,NA,407,408
VENHQS1BMi1BMFNVLTAxOmJyY2FfdGNnYV9wYW5fY2FuX2F0bGFzXzIwMTg,VENHQS1BMi1BMFNVOmJyY2FfdGNnYV9wYW5fY2FuX2F0bGFzXzIwMTg,brca_tcga_pan_can_atlas_2018_mutations,TCGA-A2-A0SU-01,TCGA-A2-A0SU,675,675,BRCA2,protein-coding,brca_tcga_pan_can_atlas_2018,.,.,.,27,41,0,121,32972574,32972574,C,Y3308*,Nonsense_Mutation,GRCh37,SNP,BRCA2 truncating,13,G,NA,3308,3308
VENHQS1BMi1BMFNWLTAxOmJyY2FfdGNnYV9wYW5fY2FuX2F0bGFzXzIwMTg,VENHQS1BMi1BMFNWOmJyY2FfdGNnYV9wYW5fY2FuX2F0bGFzXzIwMTg,brca_tcga_pan_can_atlas_2018_mutations,TCGA-A2-A0SV-01,TCGA-A2-A0SV,5728,5728,PTEN,protein-coding,brca_tcga_pan_can_atlas_2018,.,.,.,28,35,0,107,89685293,89685298,ACCATT,H64_Y65del,In_Frame_Del,GRCh37,DEL,,10,-,NM_000314.4,63,65
VENHQS1BMi1BMFNXLTAxOmJyY2FfdGNnYV9wYW5fY2FuX2F0bGFzXzIwMTg,VENHQS1BMi1BMFNXOmJyY2FfdGNnYV9wYW5fY2FuX2F0bGFzXzIwMTg,brca_tcga_pan_can_atlas_2018_mutations,TCGA-A2-A0SW-01,TCGA-A2-A0SW,7157,7157,TP53,protein-coding,brca_tcga_pan_can_atlas_2018,.,.,.,15,19,0,171,7577121,7577121,G,R273C,Missense_Mutation,GRCh37,SNP,TP53 R273 missense,17,A,NM_001126112.2,273,273
VENHQS1BMi1BMFNXLTAxOmJyY2FfdGNnYV9wYW5fY2FuX2F0bGFzXzIwMTg,VENHQS1BMi1BMFNXOmJyY2FfdGNnYV9wYW5fY2FuX2F0bGFzXzIwMTg,brca_tcga_pan_can_atlas_2018_mutations,TCGA-A2-A0SW-01,TCGA-A2-A0SW,5295,5295,PIK3R1,protein-coding,brca_tcga_pan_can_atlas_2018,.,.,.,42,90,0,54,67589630,67589631,-,E468_E469insGLYE,In_Frame_Ins,GRCh37,INS,,5,GATTATATGAAG,NA,465,469
VENHQS1BMi1BMFNYLTAxOmJyY2FfdGNnYV9wYW5fY2FuX2F0bGFzXzIwMTg,VENHQS1BMi1BMFNYOmJyY2FfdGNnYV9wYW5fY2FuX2F0bGFzXzIwMTg,brca_tcga_pan_can_atlas_2018_mutations,TCGA-A2-A0SX-01,TCGA-A2-A0SX,7157,7157,TP53,protein-coding,brca_tcga_pan_can_atlas_2018,.,.,.,68,74,0,204,7578253,7578253,C,G199V,Missense_Mutation,GRCh37,SNP,TP53 G199 missense,17,A,NM_001126112.2,199,199
VENHQS1BMi1BMFNZLTAxOmJyY2FfdGNnYV9wYW5fY2FuX2F0bGFzXzIwMTg,VENHQS1BMi1BMFNZOmJyY2FfdGNnYV9wYW5fY2FuX2F0bGFzXzIwMTg,brca_tcga_pan_can_atlas_2018_mutations,TCGA-A2-A0SY-01,TCGA-A2-A0SY,5290,5290,PIK3CA,protein-coding,brca_tcga_pan_can_atlas_2018,.,.,.,35,72,0,133,178936091,178936091,G,E545K,Missense_Mutation,GRCh37,SNP,PIK3CA E545 missense,3,A,NM_006218.2,545,545
VENHQS1BMi1BMFQwLTAxOmJyY2FfdGNnYV9wYW5fY2FuX2F0bGFzXzIwMTg,VENHQS1BMi1BMFQwOmJyY2FfdGNnYV9wYW5fY2FuX2F0bGFzXzIwMTg,brca_tcga_pan_can_atlas_2018_mutations,TCGA-A2-A0T0-01,TCGA-A2-A0T0,675,675,BRCA2,protein-coding,brca_tcga_pan_can_atlas_2018,.,.,.,31,58,0,147,32953476,32953476,T,L2926*,Nonsense_Mutation,GRCh37,SNP,BRCA2 truncating,13,G,NA,2926,2926
VENHQS1BMi1BMFQxLTAxOmJyY2FfdGNnYV9wYW5fY2FuX2F0bGFzXzIwMTg,VENHQS1BMi1BMFQxOmJyY2FfdGNnYV9wYW5fY2FuX2F0bGFzXzIwMTg,brca_tcga_pan_can_atlas_2018_mutations,TCGA-A2-A0T1-01,TCGA-A2-A0T1,7157,7157,TP53,protein-coding,brca_tcga_pan_can_atlas_2018,.,.,.,11,50,0,140,7577121,7577121,G,R273C,Missense_Mutation,GRCh37,SNP,TP53 R273 missense,17,A,NM_001126112.2,273,273
VENHQS1BMi1BMFQyLTAxOmJyY2FfdGNnYV9wYW5fY2FuX2F0bGFzXzIwMTg,VENHQS1BMi1BMFQyOmJyY2FfdGNnYV9wYW5fY2FuX2F0bGFzXzIwMTg,brca_tcga_pan_can_atlas_2018_mutations,TCGA-A2-A0T2-01,TCGA-A2-A0T2,7157,7157,TP53,protein-coding,brca_tcga_pan_can_atlas_2018,.,.,.,376,172,0,92,7578190,7578190,T,Y220C,Missense_Mutation,GRCh37,SNP,TP53 Y220 missense,17,C,NM_001126112.2,220,220
VENHQS1BMi1BMFQzLTAxOmJyY2FfdGNnYV9wYW5fY2FuX2F0bGFzXzIwMTg,VENHQS1BMi1BMFQzOmJyY2FfdGNnYV9wYW5fY2FuX2F0bGFzXzIwMTg,brca_tcga_pan_can_atlas_2018_mutations,TCGA-A2-A0T3-01,TCGA-A2-A0T3,7157,7157,TP53,protein-coding,brca_tcga_pan_can_atlas_2018,.,.,.,102,42,0,82,7577051,7577079,TGAGGCTCCCCTTTCTTGCGGAGATTCTC,E287Pfs*9,Frame_Shift_Del,GRCh37,DEL,TP53 truncating,17,-,NM_001126112.2,287,287
VENHQS1BMi1BMFQ0LTAxOmJyY2FfdGNnYV9wYW5fY2FuX2F0bGFzXzIwMTg,VENHQS1BMi1BMFQ0OmJyY2FfdGNnYV9wYW5fY2FuX2F0bGFzXzIwMTg,brca_tcga_pan_can_atlas_2018_mutations,TCGA-A2-A0T4-01,TCGA-A2-A0T4,5290,5290,PIK3CA,protein-coding,brca_tcga_pan_can_atlas_2018,.,.,.,8,43,0,73,178952085,178952085,A,H1047R,Missense_Mutation,GRCh37,SNP,PIK3CA H1047 missense,3,G,NM_006218.2,1047,1047
VENHQS1BMi1BMFQ1LTAxOmJyY2FfdGNnYV9wYW5fY2FuX2F0bGFzXzIwMTg,VENHQS1BMi1BMFQ1OmJyY2FfdGNnYV9wYW5fY2FuX2F0bGFzXzIwMTg,brca_tcga_pan_can_atlas_2018_mutations,TCGA-A2-A0T5-01,TCGA-A2-A0T5,2625,2625,GATA3,protein-coding,brca_tcga_pan_can_atlas_2018,.,.,.,33,63,0,145,8111546,8111547,-,K346Lfs*7,Frame_Shift_Ins,GRCh37,INS,GATA3 truncating,10,TACT,NA,344,346
VENHQS1BMi1BMFQ2LTAxOmJyY2FfdGNnYV9wYW5fY2FuX2F0bGFzXzIwMTg,VENHQS1BMi1BMFQ2OmJyY2FfdGNnYV9wYW5fY2FuX2F0bGFzXzIwMTg,brca_tcga_pan_can_atlas_2018_mutations,TCGA-A2-A0T6-01,TCGA-A2-A0T6,2064,2064,ERBB2,protein-coding,brca_tcga_pan_can_atlas_2018,.,.,.,23,74,0,225,37879658,37879658,G,R678Q,Missense_Mutation,GRCh37,SNP,ERBB2 R678 missense,17,A,NA,678,678
VENHQS1BMi1BMFQ2LTAxOmJyY2FfdGNnYV9wYW5fY2FuX2F0bGFzXzIwMTg,VENHQS1BMi1BMFQ2OmJyY2FfdGNnYV9wYW5fY2FuX2F0bGFzXzIwMTg,brca_tcga_pan_can_atlas_2018_mutations,TCGA-A2-A0T6-01,TCGA-A2-A0T6,2064,2064,ERBB2,protein-coding,brca_tcga_pan_can_atlas_2018,.,.,.,42,109,0,178,37880219,37880219,T,L755M,Missense_Mutation,GRCh37,SNP,ERBB2 L755 missense,17,A,NA,755,755
VENHQS1BMi1BMFQ2LTAxOmJyY2FfdGNnYV9wYW5fY2FuX2F0bGFzXzIwMTg,VENHQS1BMi1BMFQ2OmJyY2FfdGNnYV9wYW5fY2FuX2F0bGFzXzIwMTg,brca_tcga_pan_can_atlas_2018_mutations,TCGA-A2-A0T6-01,TCGA-A2-A0T6,2064,2064,ERBB2,protein-coding,brca_tcga_pan_can_atlas_2018,.,.,.,42,108,0,177,37880220,37880220,T,L755W,Missense_Mutation,GRCh37,SNP,ERBB2 L755 missense,17,G,NA,755,755
VENHQS1BMi1BMFQ3LTAxOmJyY2FfdGNnYV9wYW5fY2FuX2F0bGFzXzIwMTg,VENHQS1BMi1BMFQ3OmJyY2FfdGNnYV9wYW5fY2FuX2F0bGFzXzIwMTg,brca_tcga_pan_can_atlas_2018_mutations,TCGA-A2-A0T7-01,TCGA-A2-A0T7,5290,5290,PIK3CA,protein-coding,brca_tcga_pan_can_atlas_2018,.,.,.,20,103,0,115,178936082,178936082,G,E542K,Missense_Mutation,GRCh37,SNP,PIK3CA E542 missense,3,A,NM_006218.2,542,542
VENHQS1BMi1BMFQ3LTAxOmJyY2FfdGNnYV9wYW5fY2FuX2F0bGFzXzIwMTg,VENHQS1BMi1BMFQ3OmJyY2FfdGNnYV9wYW5fY2FuX2F0bGFzXzIwMTg,brca_tcga_pan_can_atlas_2018_mutations,TCGA-A2-A0T7-01,TCGA-A2-A0T7,5290,5290,PIK3CA,protein-coding,brca_tcga_pan_can_atlas_2018,.,.,.,11,40,0,128,178952074,178952074,G,M1043I,Missense_Mutation,GRCh37,SNP,PIK3CA M1043 missense,3,A,NM_006218.2,1043,1043
VENHQS1BMi1BMFQ3LTAxOmJyY2FfdGNnYV9wYW5fY2FuX2F0bGFzXzIwMTg,VENHQS1BMi1BMFQ3OmJyY2FfdGNnYV9wYW5fY2FuX2F0bGFzXzIwMTg,brca_tcga_pan_can_atlas_2018_mutations,TCGA-A2-A0T7-01,TCGA-A2-A0T7,472,472,ATM,protein-coding,brca_tcga_pan_can_atlas_2018,.,.,.,62,94,0,210,108236203,108236203,C,R3047*,Nonsense_Mutation,GRCh37,SNP,ATM truncating,11,T,NM_000051.3,3047,3047
VENHQS1BMi1BMFlDLTAxOmJyY2FfdGNnYV9wYW5fY2FuX2F0bGFzXzIwMTg,VENHQS1BMi1BMFlDOmJyY2FfdGNnYV9wYW5fY2FuX2F0bGFzXzIwMTg,brca_tcga_pan_can_atlas_2018_mutations,TCGA-A2-A0YC-01,TCGA-A2-A0YC,5290,5290,PIK3CA,protein-coding,brca_tcga_pan_can_atlas_2018,.,.,.,37,82,0,125,178936091,178936091,G,E545K,Missense_Mutation,GRCh37,SNP,PIK3CA E545 missense,3,A,NM_006218.2,545,545
VENHQS1BMi1BMFlELTAxOmJyY2FfdGNnYV9wYW5fY2FuX2F0bGFzXzIwMTg,VENHQS1BMi1BMFlEOmJyY2FfdGNnYV9wYW5fY2FuX2F0bGFzXzIwMTg,brca_tcga_pan_can_atlas_2018_mutations,TCGA-A2-A0YD-01,TCGA-A2-A0YD,4214,4214,MAP3K1,protein-coding,brca_tcga_pan_can_atlas_2018,.,.,.,15,28,0,78,56178672,56178673,-,I1216Nfs*23,Frame_Shift_Ins,GRCh37,INS,MAP3K1 truncating,5,A,NM_005921.1,1215,1216
VENHQS1BMi1BMFlFLTAxOmJyY2FfdGNnYV9wYW5fY2FuX2F0bGFzXzIwMTg,VENHQS1BMi1BMFlFOmJyY2FfdGNnYV9wYW5fY2FuX2F0bGFzXzIwMTg,brca_tcga_pan_can_atlas_2018_mutations,TCGA-A2-A0YE-01,TCGA-A2-A0YE,5925,5925,RB1,protein-coding,brca_tcga_pan_can_atlas_2018,.,.,.,156,73,0,102,48934162,48934162,T,L206*,Nonsense_Mutation,GRCh37,SNP,RB1 truncating,13,G,NM_000321.2,206,206
VENHQS1BMi1BMFlFLTAxOmJyY2FfdGNnYV9wYW5fY2FuX2F0bGFzXzIwMTg,VENHQS1BMi1BMFlFOmJyY2FfdGNnYV9wYW5fY2FuX2F0bGFzXzIwMTg,brca_tcga_pan_can_atlas_2018_mutations,TCGA-A2-A0YE-01,TCGA-A2-A0YE,7157,7157,TP53,protein-coding,brca_tcga_pan_can_atlas_2018,.,.,.,63,51,0,33,7578445,7578445,A,I162Tfs*8,Frame_Shift_Del,GRCh37,DEL,TP53 truncating,17,-,NM_001126112.2,162,162
VENHQS1BMi1BMFlGLTAxOmJyY2FfdGNnYV9wYW5fY2FuX2F0bGFzXzIwMTg,VENHQS1BMi1BMFlGOmJyY2FfdGNnYV9wYW5fY2FuX2F0bGFzXzIwMTg,brca_tcga_pan_can_atlas_2018_mutations,TCGA-A2-A0YF-01,TCGA-A2-A0YF,4214,4214,MAP3K1,protein-coding,brca_tcga_pan_can_atlas_2018,.,.,.,68,99,0,136,56181812,56181814,GTT,V1346del,In_Frame_Del,GRCh37,DEL,MAP3K1 1346-1346 deletion,5,-,NM_005921.1,1346,1346
VENHQS1BMi1BMFlHLTAxOmJyY2FfdGNnYV9wYW5fY2FuX2F0bGFzXzIwMTg,VENHQS1BMi1BMFlHOmJyY2FfdGNnYV9wYW5fY2FuX2F0bGFzXzIwMTg,brca_tcga_pan_can_atlas_2018_mutations,TCGA-A2-A0YG-01,TCGA-A2-A0YG,7157,7157,TP53,protein-coding,brca_tcga_pan_can_atlas_2018,.,.,.,9,6,0,11,7579311,7579311,C,X125_splice,Splice_Site,GRCh37,SNP,TP53 truncating,17,A,NM_001126112.2,125,125
VENHQS1BMi1BMFlILTAxOmJyY2FfdGNnYV9wYW5fY2FuX2F0bGFzXzIwMTg,VENHQS1BMi1BMFlIOmJyY2FfdGNnYV9wYW5fY2FuX2F0bGFzXzIwMTg,brca_tcga_pan_can_atlas_2018_mutations,TCGA-A2-A0YH-01,TCGA-A2-A0YH,5290,5290,PIK3CA,protein-coding,brca_tcga_pan_can_atlas_2018,.,.,.,15,66,0,61,178921553,178921553,T,N345K,Missense_Mutation,GRCh37,SNP,PIK3CA N345 missense,3,A,NM_006218.2,345,345
VENHQS1BMi1BMFlILTAxOmJyY2FfdGNnYV9wYW5fY2FuX2F0bGFzXzIwMTg,VENHQS1BMi1BMFlIOmJyY2FfdGNnYV9wYW5fY2FuX2F0bGFzXzIwMTg,brca_tcga_pan_can_atlas_2018_mutations,TCGA-A2-A0YH-01,TCGA-A2-A0YH,7157,7157,TP53,protein-coding,brca_tcga_pan_can_atlas_2018,.,.,.,24,29,0,163,7577105,7577105,G,P278L,Missense_Mutation,GRCh37,SNP,TP53 P278 missense,17,A,NM_001126112.2,278,278
VENHQS1BMi1BMFlJLTAxOmJyY2FfdGNnYV9wYW5fY2FuX2F0bGFzXzIwMTg,VENHQS1BMi1BMFlJOmJyY2FfdGNnYV9wYW5fY2FuX2F0bGFzXzIwMTg,brca_tcga_pan_can_atlas_2018_mutations,TCGA-A2-A0YI-01,TCGA-A2-A0YI,5290,5290,PIK3CA,protein-coding,brca_tcga_pan_can_atlas_2018,.,.,.,10,38,0,78,178921553,178921553,T,N345K,Missense_Mutation,GRCh37,SNP,PIK3CA N345 missense,3,A,NM_006218.2,345,345
VENHQS1BMi1BMFlKLTAxOmJyY2FfdGNnYV9wYW5fY2FuX2F0bGFzXzIwMTg,VENHQS1BMi1BMFlKOmJyY2FfdGNnYV9wYW5fY2FuX2F0bGFzXzIwMTg,brca_tcga_pan_can_atlas_2018_mutations,TCGA-A2-A0YJ-01,TCGA-A2-A0YJ,7157,7157,TP53,protein-coding,brca_tcga_pan_can_atlas_2018,.,.,.,28,17,0,9,7574003,7574003,G,R342*,Nonsense_Mutation,GRCh37,SNP,TP53 truncating,17,A,NM_001126112.2,342,342
VENHQS1BMi1BMFlLLTAxOmJyY2FfdGNnYV9wYW5fY2FuX2F0bGFzXzIwMTg,VENHQS1BMi1BMFlLOmJyY2FfdGNnYV9wYW5fY2FuX2F0bGFzXzIwMTg,brca_tcga_pan_can_atlas_2018_mutations,TCGA-A2-A0YK-01,TCGA-A2-A0YK,5290,5290,PIK3CA,protein-coding,brca_tcga_pan_can_atlas_2018,.,.,.,12,104,0,111,178952085,178952085,A,H1047L,Missense_Mutation,GRCh37,SNP,PIK3CA H1047 missense,3,T,NM_006218.2,1047,1047
VENHQS1BMi1BMFlLLTAxOmJyY2FfdGNnYV9wYW5fY2FuX2F0bGFzXzIwMTg,VENHQS1BMi1BMFlLOmJyY2FfdGNnYV9wYW5fY2FuX2F0bGFzXzIwMTg,brca_tcga_pan_can_atlas_2018_mutations,TCGA-A2-A0YK-01,TCGA-A2-A0YK,4214,4214,MAP3K1,protein-coding,brca_tcga_pan_can_atlas_2018,.,.,.,11,71,0,96,56178257,56178257,C,S1077*,Nonsense_Mutation,GRCh37,SNP,MAP3K1 truncating,5,G,NM_005921.1,1077,1077
VENHQS1BMi1BMFlLLTAxOmJyY2FfdGNnYV9wYW5fY2FuX2F0bGFzXzIwMTg,VENHQS1BMi1BMFlLOmJyY2FfdGNnYV9wYW5fY2FuX2F0bGFzXzIwMTg,brca_tcga_pan_can_atlas_2018_mutations,TCGA-A2-A0YK-01,TCGA-A2-A0YK,472,472,ATM,protein-coding,brca_tcga_pan_can_atlas_2018,.,.,.,12,76,0,136,108206578,108206578,G,D2720N,Missense_Mutation,GRCh37,SNP,ATM D2720 missense,11,A,NM_000051.3,2720,2720
VENHQS1BMi1BMFlLLTAxOmJyY2FfdGNnYV9wYW5fY2FuX2F0bGFzXzIwMTg,VENHQS1BMi1BMFlLOmJyY2FfdGNnYV9wYW5fY2FuX2F0bGFzXzIwMTg,brca_tcga_pan_can_atlas_2018_mutations,TCGA-A2-A0YK-01,TCGA-A2-A0YK,4214,4214,MAP3K1,protein-coding,brca_tcga_pan_can_atlas_2018,.,.,.,5,64,0,97,56178544,56178544,C,H1173D,Missense_Mutation,GRCh37,SNP,MAP3K1 H1173 missense,5,G,NM_005921.1,1173,1173
VENHQS1BMi1BMFlMLTAxOmJyY2FfdGNnYV9wYW5fY2FuX2F0bGFzXzIwMTg,VENHQS1BMi1BMFlMOmJyY2FfdGNnYV9wYW5fY2FuX2F0bGFzXzIwMTg,brca_tcga_pan_can_atlas_2018_mutations,TCGA-A2-A0YL-01,TCGA-A2-A0YL,5290,5290,PIK3CA,protein-coding,brca_tcga_pan_can_atlas_2018,.,.,.,17,101,0,102,178952085,178952085,A,H1047R,Missense_Mutation,GRCh37,SNP,PIK3CA H1047 missense,3,G,NM_006218.2,1047,1047
VENHQS1BMi1BMFlNLTAxOmJyY2FfdGNnYV9wYW5fY2FuX2F0bGFzXzIwMTg,VENHQS1BMi1BMFlNOmJyY2FfdGNnYV9wYW5fY2FuX2F0bGFzXzIwMTg,brca_tcga_pan_can_atlas_2018_mutations,TCGA-A2-A0YM-01,TCGA-A2-A0YM,7157,7157,TP53,protein-coding,brca_tcga_pan_can_atlas_2018,.,.,.,18,27,0,32,7574030,7574030,G,R333Vfs*12,Frame_Shift_Del,GRCh37,DEL,TP53 truncating,17,-,NM_001126112.2,333,333
VENHQS1BMi1BMFlULTAxOmJyY2FfdGNnYV9wYW5fY2FuX2F0bGFzXzIwMTg,VENHQS1BMi1BMFlUOmJyY2FfdGNnYV9wYW5fY2FuX2F0bGFzXzIwMTg,brca_tcga_pan_can_atlas_2018_mutations,TCGA-A2-A0YT-01,TCGA-A2-A0YT,5290,5290,PIK3CA,protein-coding,brca_tcga_pan_can_atlas_2018,.,.,.,60,37,0,114,178936091,178936091,G,E545K,Missense_Mutation,GRCh37,SNP,PIK3CA E545 missense,3,A,NM_006218.2,545,545
VENHQS1BMi1BMFlULTAxOmJyY2FfdGNnYV9wYW5fY2FuX2F0bGFzXzIwMTg,VENHQS1BMi1BMFlUOmJyY2FfdGNnYV9wYW5fY2FuX2F0bGFzXzIwMTg,brca_tcga_pan_can_atlas_2018_mutations,TCGA-A2-A0YT-01,TCGA-A2-A0YT,7157,7157,TP53,protein-coding,brca_tcga_pan_can_atlas_2018,.,.,.,29,10,0,142,7577517,7577517,A,I255S,Missense_Mutation,GRCh37,SNP,TP53 I255 missense,17,C,NM_001126112.2,255,255
VENHQS1BMi1BMUZaLTAxOmJyY2FfdGNnYV9wYW5fY2FuX2F0bGFzXzIwMTg,VENHQS1BMi1BMUZaOmJyY2FfdGNnYV9wYW5fY2FuX2F0bGFzXzIwMTg,brca_tcga_pan_can_atlas_2018_mutations,TCGA-A2-A1FZ-01,TCGA-A2-A1FZ,5290,5290,PIK3CA,protein-coding,brca_tcga_pan_can_atlas_2018,.,.,.,20,27,0,53,178952085,178952085,A,H1047R,Missense_Mutation,GRCh37,SNP,PIK3CA H1047 missense,3,G,NM_006218.2,1047,1047
VENHQS1BMi1BMUcwLTAxOmJyY2FfdGNnYV9wYW5fY2FuX2F0bGFzXzIwMTg,VENHQS1BMi1BMUcwOmJyY2FfdGNnYV9wYW5fY2FuX2F0bGFzXzIwMTg,brca_tcga_pan_can_atlas_2018_mutations,TCGA-A2-A1G0-01,TCGA-A2-A1G0,5290,5290,PIK3CA,protein-coding,brca_tcga_pan_can_atlas_2018,.,.,.,30,82,0,54,178936082,178936082,G,E542K,Missense_Mutation,GRCh37,SNP,PIK3CA E542 missense,3,A,NM_006218.2,542,542
VENHQS1BMi1BMUcxLTAxOmJyY2FfdGNnYV9wYW5fY2FuX2F0bGFzXzIwMTg,VENHQS1BMi1BMUcxOmJyY2FfdGNnYV9wYW5fY2FuX2F0bGFzXzIwMTg,brca_tcga_pan_can_atlas_2018_mutations,TCGA-A2-A1G1-01,TCGA-A2-A1G1,7157,7157,TP53,protein-coding,brca_tcga_pan_can_atlas_2018,.,.,.,16,17,0,60,7577609,7577609,C,X225_splice,Splice_Site,GRCh37,SNP,TP53 truncating,17,T,NM_001126112.2,225,225
VENHQS1BMi1BMUcxLTAxOmJyY2FfdGNnYV9wYW5fY2FuX2F0bGFzXzIwMTg,VENHQS1BMi1BMUcxOmJyY2FfdGNnYV9wYW5fY2FuX2F0bGFzXzIwMTg,brca_tcga_pan_can_atlas_2018_mutations,TCGA-A2-A1G1-01,TCGA-A2-A1G1,4214,4214,MAP3K1,protein-coding,brca_tcga_pan_can_atlas_2018,.,.,.,14,78,0,134,56177035,56177035,C,P769S,Missense_Mutation,GRCh37,SNP,MAP3K1 P769 missense,5,T,NM_005921.1,769,769
VENHQS1BMi1BMjU5LTAxOmJyY2FfdGNnYV9wYW5fY2FuX2F0bGFzXzIwMTg,VENHQS1BMi1BMjU5OmJyY2FfdGNnYV9wYW5fY2FuX2F0bGFzXzIwMTg,brca_tcga_pan_can_atlas_2018_mutations,TCGA-A2-A259-01,TCGA-A2-A259,4214,4214,MAP3K1,protein-coding,brca_tcga_pan_can_atlas_2018,.,.,.,35,173,0,145,56184093,56184093,G,W1433S,Missense_Mutation,GRCh37,SNP,MAP3K1 W1433 missense,5,C,NM_005921.1,1433,1433
VENHQS1BMi1BMjU5LTAxOmJyY2FfdGNnYV9wYW5fY2FuX2F0bGFzXzIwMTg,VENHQS1BMi1BMjU5OmJyY2FfdGNnYV9wYW5fY2FuX2F0bGFzXzIwMTg,brca_tcga_pan_can_atlas_2018_mutations,TCGA-A2-A259-01,TCGA-A2-A259,4214,4214,MAP3K1,protein-coding,brca_tcga_pan_can_atlas_2018,.,.,.,33,96,0,90,56183245,56183270,AATTGCAGATTTTGGAGCTGCAGCCA,I1386Vfs*25,Frame_Shift_Del,GRCh37,DEL,MAP3K1 truncating,5,-,NM_005921.1,1385,1386
VENHQS1BMi1BMjVBLTAxOmJyY2FfdGNnYV9wYW5fY2FuX2F0bGFzXzIwMTg,VENHQS1BMi1BMjVBOmJyY2FfdGNnYV9wYW5fY2FuX2F0bGFzXzIwMTg,brca_tcga_pan_can_atlas_2018_mutations,TCGA-A2-A25A-01,TCGA-A2-A25A,5290,5290,PIK3CA,protein-coding,brca_tcga_pan_can_atlas_2018,.,.,.,21,106,0,65,178936082,178936082,G,E542K,Missense_Mutation,GRCh37,SNP,PIK3CA E542 missense,3,A,NM_006218.2,542,542
VENHQS1BMi1BMjVBLTAxOmJyY2FfdGNnYV9wYW5fY2FuX2F0bGFzXzIwMTg,VENHQS1BMi1BMjVBOmJyY2FfdGNnYV9wYW5fY2FuX2F0bGFzXzIwMTg,brca_tcga_pan_can_atlas_2018_mutations,TCGA-A2-A25A-01,TCGA-A2-A25A,6926,6926,TBX3,protein-coding,brca_tcga_pan_can_atlas_2018,.,.,.,8,73,0,42,115118941,115118941,G,P134S,Missense_Mutation,GRCh37,SNP,TBX3 P134 missense,12,A,NM_016569.3,134,134
VENHQS1BMi1BMjVBLTAxOmJyY2FfdGNnYV9wYW5fY2FuX2F0bGFzXzIwMTg,VENHQS1BMi1BMjVBOmJyY2FfdGNnYV9wYW5fY2FuX2F0bGFzXzIwMTg,brca_tcga_pan_can_atlas_2018_mutations,TCGA-A2-A25A-01,TCGA-A2-A25A,11200,11200,CHEK2,protein-coding,brca_tcga_pan_can_atlas_2018,.,.,.,16,112,0,69,29095912,29095912,C,E308Q,Missense_Mutation,GRCh37,SNP,CHEK2 E308 missense,22,G,NM_007194.3,308,308
VENHQS1BMi1BMjVCLTAxOmJyY2FfdGNnYV9wYW5fY2FuX2F0bGFzXzIwMTg,VENHQS1BMi1BMjVCOmJyY2FfdGNnYV9wYW5fY2FuX2F0bGFzXzIwMTg,brca_tcga_pan_can_atlas_2018_mutations,TCGA-A2-A25B-01,TCGA-A2-A25B,2625,2625,GATA3,protein-coding,brca_tcga_pan_can_atlas_2018,.,.,.,22,40,0,60,8115852,8115853,AT,M400Vfs*106,Frame_Shift_Del,GRCh37,DEL,GATA3 truncating,10,-,NA,400,400
VENHQS1BMi1BMjVCLTAxOmJyY2FfdGNnYV9wYW5fY2FuX2F0bGFzXzIwMTg,VENHQS1BMi1BMjVCOmJyY2FfdGNnYV9wYW5fY2FuX2F0bGFzXzIwMTg,brca_tcga_pan_can_atlas_2018_mutations,TCGA-A2-A25B-01,TCGA-A2-A25B,672,672,BRCA1,protein-coding,brca_tcga_pan_can_atlas_2018,.,.,.,32,8,0,80,41245390,41245390,C,E720*,Nonsense_Mutation,GRCh37,SNP,BRCA1 truncating,17,A,NM_007294.3,720,720
VENHQS1BMi1BMjVDLTAxOmJyY2FfdGNnYV9wYW5fY2FuX2F0bGFzXzIwMTg,VENHQS1BMi1BMjVDOmJyY2FfdGNnYV9wYW5fY2FuX2F0bGFzXzIwMTg,brca_tcga_pan_can_atlas_2018_mutations,TCGA-A2-A25C-01,TCGA-A2-A25C,5290,5290,PIK3CA,protein-coding,brca_tcga_pan_can_atlas_2018,.,.,.,15,22,0,53,178952085,178952085,A,H1047R,Missense_Mutation,GRCh37,SNP,PIK3CA H1047 missense,3,G,NM_006218.2,1047,1047
VENHQS1BMi1BMjVELTAxOmJyY2FfdGNnYV9wYW5fY2FuX2F0bGFzXzIwMTg,VENHQS1BMi1BMjVEOmJyY2FfdGNnYV9wYW5fY2FuX2F0bGFzXzIwMTg,brca_tcga_pan_can_atlas_2018_mutations,TCGA-A2-A25D-01,TCGA-A2-A25D,5290,5290,PIK3CA,protein-coding,brca_tcga_pan_can_atlas_2018,.,.,.,22,30,0,40,178916938,178916940,GAA,E110del,In_Frame_Del,GRCh37,DEL,PIK3CA 110-110 deletion,3,-,NM_006218.2,109,110
VENHQS1BMi1BM1hULTAxOmJyY2FfdGNnYV9wYW5fY2FuX2F0bGFzXzIwMTg,VENHQS1BMi1BM1hUOmJyY2FfdGNnYV9wYW5fY2FuX2F0bGFzXzIwMTg,brca_tcga_pan_can_atlas_2018_mutations,TCGA-A2-A3XT-01,TCGA-A2-A3XT,7157,7157,TP53,protein-coding,brca_tcga_pan_can_atlas_2018,.,.,.,13,21,0,38,7578527,7578527,A,C135R,Missense_Mutation,GRCh37,SNP,TP53 C135 missense,17,G,NM_001126112.2,135,135
VENHQS1BMi1BM1hWLTAxOmJyY2FfdGNnYV9wYW5fY2FuX2F0bGFzXzIwMTg,VENHQS1BMi1BM1hWOmJyY2FfdGNnYV9wYW5fY2FuX2F0bGFzXzIwMTg,brca_tcga_pan_can_atlas_2018_mutations,TCGA-A2-A3XV-01,TCGA-A2-A3XV,7157,7157,TP53,protein-coding,brca_tcga_pan_can_atlas_2018,.,.,.,19,16,0,50,7578526,7578526,C,C135F,Missense_Mutation,GRCh37,SNP,TP53 C135 missense,17,A,NM_001126112.2,135,135
VENHQS1BMi1BM1hWLTAxOmJyY2FfdGNnYV9wYW5fY2FuX2F0bGFzXzIwMTg,VENHQS1BMi1BM1hWOmJyY2FfdGNnYV9wYW5fY2FuX2F0bGFzXzIwMTg,brca_tcga_pan_can_atlas_2018_mutations,TCGA-A2-A3XV-01,TCGA-A2-A3XV,2064,2064,ERBB2,protein-coding,brca_tcga_pan_can_atlas_2018,.,.,.,142,69,0,85,37868208,37868208,C,S310F,Missense_Mutation,GRCh37,SNP,ERBB2 S310 missense,17,T,NA,310,310
VENHQS1BMi1BM1hWLTAxOmJyY2FfdGNnYV9wYW5fY2FuX2F0bGFzXzIwMTg,VENHQS1BMi1BM1hWOmJyY2FfdGNnYV9wYW5fY2FuX2F0bGFzXzIwMTg,brca_tcga_pan_can_atlas_2018_mutations,TCGA-A2-A3XV-01,TCGA-A2-A3XV,2065,2065,ERBB3,protein-coding,brca_tcga_pan_can_atlas_2018,.,.,.,20,20,0,29,56481922,56481922,G,G284R,Missense_Mutation,GRCh37,SNP,ERBB3 G284 missense,12,A,NM_001982.3,284,284
VENHQS1BMi1BM1hYLTAxOmJyY2FfdGNnYV9wYW5fY2FuX2F0bGFzXzIwMTg,VENHQS1BMi1BM1hYOmJyY2FfdGNnYV9wYW5fY2FuX2F0bGFzXzIwMTg,brca_tcga_pan_can_atlas_2018_mutations,TCGA-A2-A3XX-01,TCGA-A2-A3XX,7157,7157,TP53,protein-coding,brca_tcga_pan_can_atlas_2018,.,.,.,37,19,0,76,7579355,7579355,A,L111P,Missense_Mutation,GRCh37,SNP,TP53 L111 missense,17,G,NM_001126112.2,111,111
VENHQS1BMi1BM1kwLTAxOmJyY2FfdGNnYV9wYW5fY2FuX2F0bGFzXzIwMTg,VENHQS1BMi1BM1kwOmJyY2FfdGNnYV9wYW5fY2FuX2F0bGFzXzIwMTg,brca_tcga_pan_can_atlas_2018_mutations,TCGA-A2-A3Y0-01,TCGA-A2-A3Y0,7157,7157,TP53,protein-coding,brca_tcga_pan_can_atlas_2018,.,.,.,10,15,0,25,7574003,7574003,G,R342*,Nonsense_Mutation,GRCh37,SNP,TP53 truncating,17,A,NM_001126112.2,342,342
VENHQS1BMi1BM1kwLTAxOmJyY2FfdGNnYV9wYW5fY2FuX2F0bGFzXzIwMTg,VENHQS1BMi1BM1kwOmJyY2FfdGNnYV9wYW5fY2FuX2F0bGFzXzIwMTg,brca_tcga_pan_can_atlas_2018_mutations,TCGA-A2-A3Y0-01,TCGA-A2-A3Y0,4214,4214,MAP3K1,protein-coding,brca_tcga_pan_can_atlas_2018,.,.,.,7,49,0,46,56160701,56160701,C,N325K,Missense_Mutation,GRCh37,SNP,MAP3K1 N325 missense,5,A,NM_005921.1,325,325
VENHQS1BMi1BNFMxLTAxOmJyY2FfdGNnYV9wYW5fY2FuX2F0bGFzXzIwMTg,VENHQS1BMi1BNFMxOmJyY2FfdGNnYV9wYW5fY2FuX2F0bGFzXzIwMTg,brca_tcga_pan_can_atlas_2018_mutations,TCGA-A2-A4S1-01,TCGA-A2-A4S1,7157,7157,TP53,protein-coding,brca_tcga_pan_can_atlas_2018,.,.,.,19,23,0,60,7577098,7577098,T,R280S,Missense_Mutation,GRCh37,SNP,TP53 R280 missense,17,G,NM_001126112.2,280,280
VENHQS1BMi1BNFMyLTAxOmJyY2FfdGNnYV9wYW5fY2FuX2F0bGFzXzIwMTg,VENHQS1BMi1BNFMyOmJyY2FfdGNnYV9wYW5fY2FuX2F0bGFzXzIwMTg,brca_tcga_pan_can_atlas_2018_mutations,TCGA-A2-A4S2-01,TCGA-A2-A4S2,5290,5290,PIK3CA,protein-coding,brca_tcga_pan_can_atlas_2018,.,.,.,12,44,0,61,178936091,178936091,G,E545K,Missense_Mutation,GRCh37,SNP,PIK3CA E545 missense,3,A,NM_006218.2,545,545
VENHQS1BMi1BNFMyLTAxOmJyY2FfdGNnYV9wYW5fY2FuX2F0bGFzXzIwMTg,VENHQS1BMi1BNFMyOmJyY2FfdGNnYV9wYW5fY2FuX2F0bGFzXzIwMTg,brca_tcga_pan_can_atlas_2018_mutations,TCGA-A2-A4S2-01,TCGA-A2-A4S2,6926,6926,TBX3,protein-coding,brca_tcga_pan_can_atlas_2018,.,.,.,16,47,0,48,115118792,115118793,-,M184Gfs*25,Frame_Shift_Ins,GRCh37,INS,TBX3 truncating,12,CT,NM_016569.3,183,184
VENHQS1BMi1BNFMzLTAxOmJyY2FfdGNnYV9wYW5fY2FuX2F0bGFzXzIwMTg,VENHQS1BMi1BNFMzOmJyY2FfdGNnYV9wYW5fY2FuX2F0bGFzXzIwMTg,brca_tcga_pan_can_atlas_2018_mutations,TCGA-A2-A4S3-01,TCGA-A2-A4S3,7157,7157,TP53,protein-coding,brca_tcga_pan_can_atlas_2018,.,.,.,10,17,0,30,7578536,7578536,T,K132E,Missense_Mutation,GRCh37,SNP,TP53 K132 missense,17,C,NM_001126112.2,132,132
VENHQS1BMi1BNFMzLTAxOmJyY2FfdGNnYV9wYW5fY2FuX2F0bGFzXzIwMTg,VENHQS1BMi1BNFMzOmJyY2FfdGNnYV9wYW5fY2FuX2F0bGFzXzIwMTg,brca_tcga_pan_can_atlas_2018_mutations,TCGA-A2-A4S3-01,TCGA-A2-A4S3,1956,1956,EGFR,protein-coding,brca_tcga_pan_can_atlas_2018,.,.,.,26,65,0,75,55223574,55223574,A,D314G,Missense_Mutation,GRCh37,SNP,EGFR D314 missense,7,G,NM_005228.3,314,314
VENHQS1BNy1BMENFLTAxOmJyY2FfdGNnYV9wYW5fY2FuX2F0bGFzXzIwMTg,VENHQS1BNy1BMENFOmJyY2FfdGNnYV9wYW5fY2FuX2F0bGFzXzIwMTg,brca_tcga_pan_can_atlas_2018_mutations,TCGA-A7-A0CE-01,TCGA-A7-A0CE,7157,7157,TP53,protein-coding,brca_tcga_pan_can_atlas_2018,.,.,.,76,16,0,41,7578467,7578467,T,T155P,Missense_Mutation,GRCh37,SNP,TP53 T155 missense,17,G,NM_001126112.2,155,155
VENHQS1BNy1BMENHLTAxOmJyY2FfdGNnYV9wYW5fY2FuX2F0bGFzXzIwMTg,VENHQS1BNy1BMENHOmJyY2FfdGNnYV9wYW5fY2FuX2F0bGFzXzIwMTg,brca_tcga_pan_can_atlas_2018_mutations,TCGA-A7-A0CG-01,TCGA-A7-A0CG,5290,5290,PIK3CA,protein-coding,brca_tcga_pan_can_atlas_2018,.,.,.,79,302,0,178,178952085,178952085,A,H1047R,Missense_Mutation,GRCh37,SNP,PIK3CA H1047 missense,3,G,NM_006218.2,1047,1047
VENHQS1BNy1BMENILTAxOmJyY2FfdGNnYV9wYW5fY2FuX2F0bGFzXzIwMTg,VENHQS1BNy1BMENIOmJyY2FfdGNnYV9wYW5fY2FuX2F0bGFzXzIwMTg,brca_tcga_pan_can_atlas_2018_mutations,TCGA-A7-A0CH-01,TCGA-A7-A0CH,5290,5290,PIK3CA,protein-coding,brca_tcga_pan_can_atlas_2018,.,.,.,42,34,0,92,178936091,178936091,G,E545K,Missense_Mutation,GRCh37,SNP,PIK3CA E545 missense,3,A,NM_006218.2,545,545
VENHQS1BNy1BMENILTAxOmJyY2FfdGNnYV9wYW5fY2FuX2F0bGFzXzIwMTg,VENHQS1BNy1BMENIOmJyY2FfdGNnYV9wYW5fY2FuX2F0bGFzXzIwMTg,brca_tcga_pan_can_atlas_2018_mutations,TCGA-A7-A0CH-01,TCGA-A7-A0CH,6926,6926,TBX3,protein-coding,brca_tcga_pan_can_atlas_2018,.,.,.,25,75,0,65,115118819,115118820,-,K175*,Frame_Shift_Ins,GRCh37,INS,TBX3 truncating,12,C,NM_016569.3,174,175
VENHQS1BNy1BMENKLTAxOmJyY2FfdGNnYV9wYW5fY2FuX2F0bGFzXzIwMTg,VENHQS1BNy1BMENKOmJyY2FfdGNnYV9wYW5fY2FuX2F0bGFzXzIwMTg,brca_tcga_pan_can_atlas_2018_mutations,TCGA-A7-A0CJ-01,TCGA-A7-A0CJ,7157,7157,TP53,protein-coding,brca_tcga_pan_can_atlas_2018,.,.,.,57,18,0,41,7578406,7578406,C,R175H,Missense_Mutation,GRCh37,SNP,TP53 R175 missense,17,T,NM_001126112.2,175,175
VENHQS1BNy1BMENKLTAxOmJyY2FfdGNnYV9wYW5fY2FuX2F0bGFzXzIwMTg,VENHQS1BNy1BMENKOmJyY2FfdGNnYV9wYW5fY2FuX2F0bGFzXzIwMTg,brca_tcga_pan_can_atlas_2018_mutations,TCGA-A7-A0CJ-01,TCGA-A7-A0CJ,5290,5290,PIK3CA,protein-coding,brca_tcga_pan_can_atlas_2018,.,.,.,78,83,0,72,178936095,178936095,A,Q546R,Missense_Mutation,GRCh37,SNP,PIK3CA Q546 missense,3,G,NM_006218.2,546,546
VENHQS1BNy1BMEQ5LTAxOmJyY2FfdGNnYV9wYW5fY2FuX2F0bGFzXzIwMTg,VENHQS1BNy1BMEQ5OmJyY2FfdGNnYV9wYW5fY2FuX2F0bGFzXzIwMTg,brca_tcga_pan_can_atlas_2018_mutations,TCGA-A7-A0D9-01,TCGA-A7-A0D9,5290,5290,PIK3CA,protein-coding,brca_tcga_pan_can_atlas_2018,.,.,.,36,58,0,106,178921552,178921552,A,N345T,Missense_Mutation,GRCh37,SNP,PIK3CA N345 missense,3,C,NM_006218.2,345,345
VENHQS1BNy1BMERBLTAxOmJyY2FfdGNnYV9wYW5fY2FuX2F0bGFzXzIwMTg,VENHQS1BNy1BMERBOmJyY2FfdGNnYV9wYW5fY2FuX2F0bGFzXzIwMTg,brca_tcga_pan_can_atlas_2018_mutations,TCGA-A7-A0DA-01,TCGA-A7-A0DA,7157,7157,TP53,protein-coding,brca_tcga_pan_can_atlas_2018,.,.,.,165,137,0,255,7578265,7578265,A,I195T,Missense_Mutation,GRCh37,SNP,TP53 I195 missense,17,G,NM_001126112.2,195,195
VENHQS1BNy1BMERCLTAxOmJyY2FfdGNnYV9wYW5fY2FuX2F0bGFzXzIwMTg,VENHQS1BNy1BMERCOmJyY2FfdGNnYV9wYW5fY2FuX2F0bGFzXzIwMTg,brca_tcga_pan_can_atlas_2018_mutations,TCGA-A7-A0DB-01,TCGA-A7-A0DB,5290,5290,PIK3CA,protein-coding,brca_tcga_pan_can_atlas_2018,.,.,.,9,19,0,17,178952085,178952085,A,H1047R,Missense_Mutation,GRCh37,SNP,PIK3CA H1047 missense,3,G,NM_006218.2,1047,1047
VENHQS1BNy1BMERCLTAxOmJyY2FfdGNnYV9wYW5fY2FuX2F0bGFzXzIwMTg,VENHQS1BNy1BMERCOmJyY2FfdGNnYV9wYW5fY2FuX2F0bGFzXzIwMTg,brca_tcga_pan_can_atlas_2018_mutations,TCGA-A7-A0DB-01,TCGA-A7-A0DB,4214,4214,MAP3K1,protein-coding,brca_tcga_pan_can_atlas_2018,.,.,.,10,18,0,14,56167801,56167802,-,T457Yfs*4,Frame_Shift_Ins,GRCh37,INS,MAP3K1 truncating,5,T,NM_005921.1,456,457
VENHQS1BNy1BMERCLTAxOmJyY2FfdGNnYV9wYW5fY2FuX2F0bGFzXzIwMTg,VENHQS1BNy1BMERCOmJyY2FfdGNnYV9wYW5fY2FuX2F0bGFzXzIwMTg,brca_tcga_pan_can_atlas_2018_mutations,TCGA-A7-A0DB-01,TCGA-A7-A0DB,4214,4214,MAP3K1,protein-coding,brca_tcga_pan_can_atlas_2018,.,.,.,11,27,0,19,56174851,56174852,-,E672Rfs*14,Frame_Shift_Ins,GRCh37,INS,MAP3K1 truncating,5,GC,NM_005921.1,670,672
VENHQS1BNy1BMTNELTAxOmJyY2FfdGNnYV9wYW5fY2FuX2F0bGFzXzIwMTg,VENHQS1BNy1BMTNEOmJyY2FfdGNnYV9wYW5fY2FuX2F0bGFzXzIwMTg,brca_tcga_pan_can_atlas_2018_mutations,TCGA-A7-A13D-01,TCGA-A7-A13D,7157,7157,TP53,protein-coding,brca_tcga_pan_can_atlas_2018,.,.,.,44,32,0,74,7578188,7578188,C,E221*,Nonsense_Mutation,GRCh37,SNP,TP53 truncating,17,A,NM_001126112.2,221,221
VENHQS1BNy1BMTNFLTAxOmJyY2FfdGNnYV9wYW5fY2FuX2F0bGFzXzIwMTg,VENHQS1BNy1BMTNFOmJyY2FfdGNnYV9wYW5fY2FuX2F0bGFzXzIwMTg,brca_tcga_pan_can_atlas_2018_mutations,TCGA-A7-A13E-01,TCGA-A7-A13E,7157,7157,TP53,protein-coding,brca_tcga_pan_can_atlas_2018,.,.,.,9,31,0,36,7578406,7578406,C,R175H,Missense_Mutation,GRCh37,SNP,TP53 R175 missense,17,T,NM_001126112.2,175,175
VENHQS1BNy1BMTNFLTAxOmJyY2FfdGNnYV9wYW5fY2FuX2F0bGFzXzIwMTg,VENHQS1BNy1BMTNFOmJyY2FfdGNnYV9wYW5fY2FuX2F0bGFzXzIwMTg,brca_tcga_pan_can_atlas_2018_mutations,TCGA-A7-A13E-01,TCGA-A7-A13E,7157,7157,TP53,protein-coding,brca_tcga_pan_can_atlas_2018,.,.,.,12,20,0,27,7579440,7579459,CCGGTGTAGGAGCTGCTGGT,P77Gfs*65,Frame_Shift_Del,GRCh37,DEL,TP53 truncating,17,-,NM_001126112.2,76,77
VENHQS1BNy1BMTNHLTAxOmJyY2FfdGNnYV9wYW5fY2FuX2F0bGFzXzIwMTg,VENHQS1BNy1BMTNHOmJyY2FfdGNnYV9wYW5fY2FuX2F0bGFzXzIwMTg,brca_tcga_pan_can_atlas_2018_mutations,TCGA-A7-A13G-01,TCGA-A7-A13G,5290,5290,PIK3CA,protein-coding,brca_tcga_pan_can_atlas_2018,.,.,.,30,42,0,75,178952085,178952085,A,H1047R,Missense_Mutation,GRCh37,SNP,PIK3CA H1047 missense,3,G,NM_006218.2,1047,1047
VENHQS1BNy1BMjZFLTAxOmJyY2FfdGNnYV9wYW5fY2FuX2F0bGFzXzIwMTg,VENHQS1BNy1BMjZFOmJyY2FfdGNnYV9wYW5fY2FuX2F0bGFzXzIwMTg,brca_tcga_pan_can_atlas_2018_mutations,TCGA-A7-A26E-01,TCGA-A7-A26E,5290,5290,PIK3CA,protein-coding,brca_tcga_pan_can_atlas_2018,.,.,.,21,44,0,68,178936091,178936091,G,E545K,Missense_Mutation,GRCh37,SNP,PIK3CA E545 missense,3,A,NM_006218.2,545,545
VENHQS1BNy1BMjZGLTAxOmJyY2FfdGNnYV9wYW5fY2FuX2F0bGFzXzIwMTg,VENHQS1BNy1BMjZGOmJyY2FfdGNnYV9wYW5fY2FuX2F0bGFzXzIwMTg,brca_tcga_pan_can_atlas_2018_mutations,TCGA-A7-A26F-01,TCGA-A7-A26F,7157,7157,TP53,protein-coding,brca_tcga_pan_can_atlas_2018,.,.,.,13,31,0,32,7578403,7578403,C,C176F,Missense_Mutation,GRCh37,SNP,TP53 C176 missense,17,A,NM_001126112.2,176,176
VENHQS1BNy1BMjZGLTAxOmJyY2FfdGNnYV9wYW5fY2FuX2F0bGFzXzIwMTg,VENHQS1BNy1BMjZGOmJyY2FfdGNnYV9wYW5fY2FuX2F0bGFzXzIwMTg,brca_tcga_pan_can_atlas_2018_mutations,TCGA-A7-A26F-01,TCGA-A7-A26F,5728,5728,PTEN,protein-coding,brca_tcga_pan_can_atlas_2018,.,.,.,38,45,0,41,89690810,89690812,GAA,E73*,Frame_Shift_Del,GRCh37,DEL,PTEN truncating,10,T,NM_000314.4,73,73
VENHQS1BNy1BMjZGLTAxOmJyY2FfdGNnYV9wYW5fY2FuX2F0bGFzXzIwMTg,VENHQS1BNy1BMjZGOmJyY2FfdGNnYV9wYW5fY2FuX2F0bGFzXzIwMTg,brca_tcga_pan_can_atlas_2018_mutations,TCGA-A7-A26F-01,TCGA-A7-A26F,5295,5295,PIK3R1,protein-coding,brca_tcga_pan_can_atlas_2018,.,.,.,25,43,0,38,67589611,67589612,-,K459_S460dup,In_Frame_Ins,GRCh37,INS,,5,AAAAGT,NA,459,460
VENHQS1BNy1BMjZHLTAxOmJyY2FfdGNnYV9wYW5fY2FuX2F0bGFzXzIwMTg,VENHQS1BNy1BMjZHOmJyY2FfdGNnYV9wYW5fY2FuX2F0bGFzXzIwMTg,brca_tcga_pan_can_atlas_2018_mutations,TCGA-A7-A26G-01,TCGA-A7-A26G,7157,7157,TP53,protein-coding,brca_tcga_pan_can_atlas_2018,.,.,.,18,40,0,68,7578191,7578191,A,Y220H,Missense_Mutation,GRCh37,SNP,TP53 Y220 missense,17,G,NM_001126112.2,220,220
VENHQS1BNy1BMjZHLTAxOmJyY2FfdGNnYV9wYW5fY2FuX2F0bGFzXzIwMTg,VENHQS1BNy1BMjZHOmJyY2FfdGNnYV9wYW5fY2FuX2F0bGFzXzIwMTg,brca_tcga_pan_can_atlas_2018_mutations,TCGA-A7-A26G-01,TCGA-A7-A26G,5728,5728,PTEN,protein-coding,brca_tcga_pan_can_atlas_2018,.,.,.,8,50,0,55,89692920,89692920,T,I135K,Missense_Mutation,GRCh37,SNP,PTEN I135 missense,10,A,NM_000314.4,135,135
VENHQS1BNy1BMjZILTAxOmJyY2FfdGNnYV9wYW5fY2FuX2F0bGFzXzIwMTg,VENHQS1BNy1BMjZIOmJyY2FfdGNnYV9wYW5fY2FuX2F0bGFzXzIwMTg,brca_tcga_pan_can_atlas_2018_mutations,TCGA-A7-A26H-01,TCGA-A7-A26H,5290,5290,PIK3CA,protein-coding,brca_tcga_pan_can_atlas_2018,.,.,.,19,32,0,43,178952085,178952085,A,H1047R,Missense_Mutation,GRCh37,SNP,PIK3CA H1047 missense,3,G,NM_006218.2,1047,1047
VENHQS1BNy1BMjZILTAxOmJyY2FfdGNnYV9wYW5fY2FuX2F0bGFzXzIwMTg,VENHQS1BNy1BMjZIOmJyY2FfdGNnYV9wYW5fY2FuX2F0bGFzXzIwMTg,brca_tcga_pan_can_atlas_2018_mutations,TCGA-A7-A26H-01,TCGA-A7-A26H,672,672,BRCA1,protein-coding,brca_tcga_pan_can_atlas_2018,.,.,.,51,88,0,63,41245484,41245487,TGTC,T688Vfs*12,Frame_Shift_Del,GRCh37,DEL,BRCA1 truncating,17,-,NM_007294.3,687,688
VENHQS1BNy1BMjZJLTAxOmJyY2FfdGNnYV9wYW5fY2FuX2F0bGFzXzIwMTg,VENHQS1BNy1BMjZJOmJyY2FfdGNnYV9wYW5fY2FuX2F0bGFzXzIwMTg,brca_tcga_pan_can_atlas_2018_mutations,TCGA-A7-A26I-01,TCGA-A7-A26I,7157,7157,TP53,protein-coding,brca_tcga_pan_can_atlas_2018,.,.,.,21,17,0,26,7577141,7577141,C,G266E,Missense_Mutation,GRCh37,SNP,TP53 G266 missense,17,T,NM_001126112.2,266,266
VENHQS1BNy1BMktELTAxOmJyY2FfdGNnYV9wYW5fY2FuX2F0bGFzXzIwMTg,VENHQS1BNy1BMktEOmJyY2FfdGNnYV9wYW5fY2FuX2F0bGFzXzIwMTg,brca_tcga_pan_can_atlas_2018_mutations,TCGA-A7-A2KD-01,TCGA-A7-A2KD,7157,7157,TP53,protein-coding,brca_tcga_pan_can_atlas_2018,.,.,.,11,16,0,37,7579409,7579410,AG,L93Vfs*55,Frame_Shift_Del,GRCh37,DEL,TP53 truncating,17,-,NM_001126112.2,93,93
VENHQS1BNy1BM1JGLTAxOmJyY2FfdGNnYV9wYW5fY2FuX2F0bGFzXzIwMTg,VENHQS1BNy1BM1JGOmJyY2FfdGNnYV9wYW5fY2FuX2F0bGFzXzIwMTg,brca_tcga_pan_can_atlas_2018_mutations,TCGA-A7-A3RF-01,TCGA-A7-A3RF,5925,5925,RB1,protein-coding,brca_tcga_pan_can_atlas_2018,.,.,.,6,55,0,81,49050911,49050911,A,S866Afs*7,Frame_Shift_Del,GRCh37,DEL,RB1 truncating,13,-,NM_000321.2,865,866
VENHQS1BNy1BNFNDLTAxOmJyY2FfdGNnYV9wYW5fY2FuX2F0bGFzXzIwMTg,VENHQS1BNy1BNFNDOmJyY2FfdGNnYV9wYW5fY2FuX2F0bGFzXzIwMTg,brca_tcga_pan_can_atlas_2018_mutations,TCGA-A7-A4SC-01,TCGA-A7-A4SC,5728,5728,PTEN,protein-coding,brca_tcga_pan_can_atlas_2018,.,.,.,18,71,0,94,89692905,89692905,G,R130Q,Missense_Mutation,GRCh37,SNP,PTEN R130 missense,10,A,NM_000314.4,130,130
VENHQS1BNy1BNFNELTAxOmJyY2FfdGNnYV9wYW5fY2FuX2F0bGFzXzIwMTg,VENHQS1BNy1BNFNEOmJyY2FfdGNnYV9wYW5fY2FuX2F0bGFzXzIwMTg,brca_tcga_pan_can_atlas_2018_mutations,TCGA-A7-A4SD-01,TCGA-A7-A4SD,7157,7157,TP53,protein-coding,brca_tcga_pan_can_atlas_2018,.,.,.,44,48,0,77,7577570,7577570,C,M237I,Missense_Mutation,GRCh37,SNP,TP53 M237 missense,17,T,NM_001126112.2,237,237
VENHQS1BNy1BNFNFLTAxOmJyY2FfdGNnYV9wYW5fY2FuX2F0bGFzXzIwMTg,VENHQS1BNy1BNFNFOmJyY2FfdGNnYV9wYW5fY2FuX2F0bGFzXzIwMTg,brca_tcga_pan_can_atlas_2018_mutations,TCGA-A7-A4SE-01,TCGA-A7-A4SE,7157,7157,TP53,protein-coding,brca_tcga_pan_can_atlas_2018,.,.,.,26,14,0,46,7577156,7577156,C,X261_splice,Splice_Site,GRCh37,SNP,TP53 truncating,17,A,NM_001126112.2,261,261
VENHQS1BNy1BNTZELTAxOmJyY2FfdGNnYV9wYW5fY2FuX2F0bGFzXzIwMTg,VENHQS1BNy1BNTZEOmJyY2FfdGNnYV9wYW5fY2FuX2F0bGFzXzIwMTg,brca_tcga_pan_can_atlas_2018_mutations,TCGA-A7-A56D-01,TCGA-A7-A56D,7157,7157,TP53,protein-coding,brca_tcga_pan_can_atlas_2018,.,.,.,35,69,0,73,7577027,7577027,G,T304Ifs*41,Frame_Shift_Del,GRCh37,DEL,TP53 truncating,17,-,NM_001126112.2,304,304
VENHQS1BNy1BNTZELTAxOmJyY2FfdGNnYV9wYW5fY2FuX2F0bGFzXzIwMTg,VENHQS1BNy1BNTZEOmJyY2FfdGNnYV9wYW5fY2FuX2F0bGFzXzIwMTg,brca_tcga_pan_can_atlas_2018_mutations,TCGA-A7-A56D-01,TCGA-A7-A56D,2065,2065,ERBB3,protein-coding,brca_tcga_pan_can_atlas_2018,.,.,.,27,60,0,81,56478957,56478957,A,Q138L,Missense_Mutation,GRCh37,SNP,ERBB3 Q138 missense,12,T,NM_001982.3,138,138
VENHQS1BNy1BNTZELTAxOmJyY2FfdGNnYV9wYW5fY2FuX2F0bGFzXzIwMTg,VENHQS1BNy1BNTZEOmJyY2FfdGNnYV9wYW5fY2FuX2F0bGFzXzIwMTg,brca_tcga_pan_can_atlas_2018_mutations,TCGA-A7-A56D-01,TCGA-A7-A56D,5295,5295,PIK3R1,protein-coding,brca_tcga_pan_can_atlas_2018,.,.,.,26,23,0,33,67589149,67589151,ATT,L380del,In_Frame_Del,GRCh37,DEL,PIK3R1 380-380 deletion,5,-,NA,379,380
VENHQS1BNy1BNVpWLTAxOmJyY2FfdGNnYV9wYW5fY2FuX2F0bGFzXzIwMTg,VENHQS1BNy1BNVpWOmJyY2FfdGNnYV9wYW5fY2FuX2F0bGFzXzIwMTg,brca_tcga_pan_can_atlas_2018_mutations,TCGA-A7-A5ZV-01,TCGA-A7-A5ZV,7157,7157,TP53,protein-coding,brca_tcga_pan_can_atlas_2018,.,.,.,32,36,0,56,7578217,7578218,GT,T211Ffs*4,Frame_Shift_Del,GRCh37,DEL,TP53 truncating,17,-,NM_001126112.2,211,211
VENHQS1BNy1BNVpXLTAxOmJyY2FfdGNnYV9wYW5fY2FuX2F0bGFzXzIwMTg,VENHQS1BNy1BNVpXOmJyY2FfdGNnYV9wYW5fY2FuX2F0bGFzXzIwMTg,brca_tcga_pan_can_atlas_2018_mutations,TCGA-A7-A5ZW-01,TCGA-A7-A5ZW,5290,5290,PIK3CA,protein-coding,brca_tcga_pan_can_atlas_2018,.,.,.,6,14,0,22,178952085,178952085,A,H1047R,Missense_Mutation,GRCh37,SNP,PIK3CA H1047 missense,3,G,NM_006218.2,1047,1047
VENHQS1BNy1BNVpXLTAxOmJyY2FfdGNnYV9wYW5fY2FuX2F0bGFzXzIwMTg,VENHQS1BNy1BNVpXOmJyY2FfdGNnYV9wYW5fY2FuX2F0bGFzXzIwMTg,brca_tcga_pan_can_atlas_2018_mutations,TCGA-A7-A5ZW-01,TCGA-A7-A5ZW,4214,4214,MAP3K1,protein-coding,brca_tcga_pan_can_atlas_2018,.,.,.,12,50,0,27,56179458,56179458,T,Y1258Ifs*11,Frame_Shift_Del,GRCh37,DEL,MAP3K1 truncating,5,-,NM_005921.1,1257,1258
VENHQS1BNy1BNVpYLTAxOmJyY2FfdGNnYV9wYW5fY2FuX2F0bGFzXzIwMTg,VENHQS1BNy1BNVpYOmJyY2FfdGNnYV9wYW5fY2FuX2F0bGFzXzIwMTg,brca_tcga_pan_can_atlas_2018_mutations,TCGA-A7-A5ZX-01,TCGA-A7-A5ZX,5290,5290,PIK3CA,protein-coding,brca_tcga_pan_can_atlas_2018,.,.,.,4,44,0,52,178936092,178936092,A,E545A,Missense_Mutation,GRCh37,SNP,PIK3CA E545 missense,3,C,NM_006218.2,545,545
VENHQS1BNy1BNVpYLTAxOmJyY2FfdGNnYV9wYW5fY2FuX2F0bGFzXzIwMTg,VENHQS1BNy1BNVpYOmJyY2FfdGNnYV9wYW5fY2FuX2F0bGFzXzIwMTg,brca_tcga_pan_can_atlas_2018_mutations,TCGA-A7-A5ZX-01,TCGA-A7-A5ZX,6926,6926,TBX3,protein-coding,brca_tcga_pan_can_atlas_2018,.,.,.,7,43,0,72,115114233,115114236,TCTT,E327Dfs*33,Frame_Shift_Del,GRCh37,DEL,TBX3 truncating,12,-,NM_016569.3,327,327
VENHQS1BNy1BNlZWLTAxOmJyY2FfdGNnYV9wYW5fY2FuX2F0bGFzXzIwMTg,VENHQS1BNy1BNlZWOmJyY2FfdGNnYV9wYW5fY2FuX2F0bGFzXzIwMTg,brca_tcga_pan_can_atlas_2018_mutations,TCGA-A7-A6VV-01,TCGA-A7-A6VV,7157,7157,TP53,protein-coding,brca_tcga_pan_can_atlas_2018,.,.,.,16,12,0,46,7579533,7579533,G,Q52*,Nonsense_Mutation,GRCh37,SNP,TP53 truncating,17,A,NM_001126112.2,52,52
VENHQS1BNy1BNlZXLTAxOmJyY2FfdGNnYV9wYW5fY2FuX2F0bGFzXzIwMTg,VENHQS1BNy1BNlZXOmJyY2FfdGNnYV9wYW5fY2FuX2F0bGFzXzIwMTg,brca_tcga_pan_can_atlas_2018_mutations,TCGA-A7-A6VW-01,TCGA-A7-A6VW,7157,7157,TP53,protein-coding,brca_tcga_pan_can_atlas_2018,.,.,.,16,5,0,29,7578394,7578394,T,H179R,Missense_Mutation,GRCh37,SNP,TP53 H179 missense,17,C,NM_001126112.2,179,179
VENHQS1BNy1BNlZXLTAxOmJyY2FfdGNnYV9wYW5fY2FuX2F0bGFzXzIwMTg,VENHQS1BNy1BNlZXOmJyY2FfdGNnYV9wYW5fY2FuX2F0bGFzXzIwMTg,brca_tcga_pan_can_atlas_2018_mutations,TCGA-A7-A6VW-01,TCGA-A7-A6VW,672,672,BRCA1,protein-coding,brca_tcga_pan_can_atlas_2018,.,.,.,8,13,0,34,41244839,41244839,A,C903Wfs*97,Frame_Shift_Del,GRCh37,DEL,BRCA1 truncating,17,-,NM_007294.3,903,903
VENHQS1BNy1BNlZYLTAxOmJyY2FfdGNnYV9wYW5fY2FuX2F0bGFzXzIwMTg,VENHQS1BNy1BNlZYOmJyY2FfdGNnYV9wYW5fY2FuX2F0bGFzXzIwMTg,brca_tcga_pan_can_atlas_2018_mutations,TCGA-A7-A6VX-01,TCGA-A7-A6VX,5290,5290,PIK3CA,protein-coding,brca_tcga_pan_can_atlas_2018,.,.,.,15,4,0,35,178952085,178952085,A,H1047R,Missense_Mutation,GRCh37,SNP,PIK3CA H1047 missense,3,G,NM_006218.2,1047,1047
VENHQS1BNy1BNlZYLTAxOmJyY2FfdGNnYV9wYW5fY2FuX2F0bGFzXzIwMTg,VENHQS1BNy1BNlZYOmJyY2FfdGNnYV9wYW5fY2FuX2F0bGFzXzIwMTg,brca_tcga_pan_can_atlas_2018_mutations,TCGA-A7-A6VX-01,TCGA-A7-A6VX,1956,1956,EGFR,protein-coding,brca_tcga_pan_can_atlas_2018,.,.,.,18,33,0,29,55214313,55214313,G,A147T,Missense_Mutation,GRCh37,SNP,EGFR A147 missense,7,A,NM_005228.3,147,147
VENHQS1BNy1BNlZYLTAxOmJyY2FfdGNnYV9wYW5fY2FuX2F0bGFzXzIwMTg,VENHQS1BNy1BNlZYOmJyY2FfdGNnYV9wYW5fY2FuX2F0bGFzXzIwMTg,brca_tcga_pan_can_atlas_2018_mutations,TCGA-A7-A6VX-01,TCGA-A7-A6VX,7157,7157,TP53,protein-coding,brca_tcga_pan_can_atlas_2018,.,.,.,22,21,0,28,7577532,7577532,G,P250L,Missense_Mutation,GRCh37,SNP,TP53 P250 missense,17,A,NM_001126112.2,250,250
VENHQS1BNy1BNlZZLTAxOmJyY2FfdGNnYV9wYW5fY2FuX2F0bGFzXzIwMTg,VENHQS1BNy1BNlZZOmJyY2FfdGNnYV9wYW5fY2FuX2F0bGFzXzIwMTg,brca_tcga_pan_can_atlas_2018_mutations,TCGA-A7-A6VY-01,TCGA-A7-A6VY,7157,7157,TP53,protein-coding,brca_tcga_pan_can_atlas_2018,.,.,.,14,38,0,44,7577044,7577045,-,L299Afs*7,Frame_Shift_Ins,GRCh37,INS,TP53 truncating,17,T,NM_001126112.2,298,299
VENHQS1BOC1BMDZPLTAxOmJyY2FfdGNnYV9wYW5fY2FuX2F0bGFzXzIwMTg,VENHQS1BOC1BMDZPOmJyY2FfdGNnYV9wYW5fY2FuX2F0bGFzXzIwMTg,brca_tcga_pan_can_atlas_2018_mutations,TCGA-A8-A06O-01,TCGA-A8-A06O,7157,7157,TP53,protein-coding,brca_tcga_pan_can_atlas_2018,.,.,.,35,31,0,65,7577102,7577102,C,G279E,Missense_Mutation,GRCh37,SNP,TP53 G279 missense,17,T,NM_001126112.2,279,279
VENHQS1BOC1BMDZPLTAxOmJyY2FfdGNnYV9wYW5fY2FuX2F0bGFzXzIwMTg,VENHQS1BOC1BMDZPOmJyY2FfdGNnYV9wYW5fY2FuX2F0bGFzXzIwMTg,brca_tcga_pan_can_atlas_2018_mutations,TCGA-A8-A06O-01,TCGA-A8-A06O,6926,6926,TBX3,protein-coding,brca_tcga_pan_can_atlas_2018,.,.,.,22,45,0,137,115118704,115118706,TGT,N212del,In_Frame_Del,GRCh37,DEL,TBX3 212-212 deletion,12,-,NM_016569.3,212,212
VENHQS1BOC1BMDZPLTAxOmJyY2FfdGNnYV9wYW5fY2FuX2F0bGFzXzIwMTg,VENHQS1BOC1BMDZPOmJyY2FfdGNnYV9wYW5fY2FuX2F0bGFzXzIwMTg,brca_tcga_pan_can_atlas_2018_mutations,TCGA-A8-A06O-01,TCGA-A8-A06O,5728,5728,PTEN,protein-coding,brca_tcga_pan_can_atlas_2018,.,.,.,80,173,0,292,89720707,89720714,CTCAGAAA,E288Rfs*7,Frame_Shift_Del,GRCh37,DEL,PTEN truncating,10,-,NM_000314.4,286,288
VENHQS1BOC1BMDZQLTAxOmJyY2FfdGNnYV9wYW5fY2FuX2F0bGFzXzIwMTg,VENHQS1BOC1BMDZQOmJyY2FfdGNnYV9wYW5fY2FuX2F0bGFzXzIwMTg,brca_tcga_pan_can_atlas_2018_mutations,TCGA-A8-A06P-01,TCGA-A8-A06P,5290,5290,PIK3CA,protein-coding,brca_tcga_pan_can_atlas_2018,.,.,.,29,70,0,123,178936091,178936091,G,E545K,Missense_Mutation,GRCh37,SNP,PIK3CA E545 missense,3,A,NM_006218.2,545,545
VENHQS1BOC1BMDZQLTAxOmJyY2FfdGNnYV9wYW5fY2FuX2F0bGFzXzIwMTg,VENHQS1BOC1BMDZQOmJyY2FfdGNnYV9wYW5fY2FuX2F0bGFzXzIwMTg,brca_tcga_pan_can_atlas_2018_mutations,TCGA-A8-A06P-01,TCGA-A8-A06P,4214,4214,MAP3K1,protein-coding,brca_tcga_pan_can_atlas_2018,.,.,.,26,95,0,96,56189387,56189387,C,P1474Lfs*16,Frame_Shift_Del,GRCh37,DEL,MAP3K1 truncating,5,-,NM_005921.1,1473,1474
VENHQS1BOC1BMDZQLTAxOmJyY2FfdGNnYV9wYW5fY2FuX2F0bGFzXzIwMTg,VENHQS1BOC1BMDZQOmJyY2FfdGNnYV9wYW5fY2FuX2F0bGFzXzIwMTg,brca_tcga_pan_can_atlas_2018_mutations,TCGA-A8-A06P-01,TCGA-A8-A06P,4214,4214,MAP3K1,protein-coding,brca_tcga_pan_can_atlas_2018,.,.,.,36,117,0,210,56178400,56178400,A,N1125*,Nonsense_Mutation,GRCh37,INS,MAP3K1 truncating,5,TG,NM_005921.1,1125,1125
VENHQS1BOC1BMDZRLTAxOmJyY2FfdGNnYV9wYW5fY2FuX2F0bGFzXzIwMTg,VENHQS1BOC1BMDZROmJyY2FfdGNnYV9wYW5fY2FuX2F0bGFzXzIwMTg,brca_tcga_pan_can_atlas_2018_mutations,TCGA-A8-A06Q-01,TCGA-A8-A06Q,5290,5290,PIK3CA,protein-coding,brca_tcga_pan_can_atlas_2018,.,.,.,46,54,0,75,178952085,178952085,A,H1047R,Missense_Mutation,GRCh37,SNP,PIK3CA H1047 missense,3,G,NM_006218.2,1047,1047
VENHQS1BOC1BMDZRLTAxOmJyY2FfdGNnYV9wYW5fY2FuX2F0bGFzXzIwMTg,VENHQS1BOC1BMDZROmJyY2FfdGNnYV9wYW5fY2FuX2F0bGFzXzIwMTg,brca_tcga_pan_can_atlas_2018_mutations,TCGA-A8-A06Q-01,TCGA-A8-A06Q,7157,7157,TP53,protein-coding,brca_tcga_pan_can_atlas_2018,.,.,.,73,23,0,229,7577568,7577568,C,C238Y,Missense_Mutation,GRCh37,SNP,TP53 C238 missense,17,T,NM_001126112.2,238,238
VENHQS1BOC1BMDZSLTAxOmJyY2FfdGNnYV9wYW5fY2FuX2F0bGFzXzIwMTg,VENHQS1BOC1BMDZSOmJyY2FfdGNnYV9wYW5fY2FuX2F0bGFzXzIwMTg,brca_tcga_pan_can_atlas_2018_mutations,TCGA-A8-A06R-01,TCGA-A8-A06R,5290,5290,PIK3CA,protein-coding,brca_tcga_pan_can_atlas_2018,.,.,.,84,113,0,73,178936091,178936091,G,E545K,Missense_Mutation,GRCh37,SNP,PIK3CA E545 missense,3,A,NM_006218.2,545,545
VENHQS1BOC1BMDZSLTAxOmJyY2FfdGNnYV9wYW5fY2FuX2F0bGFzXzIwMTg,VENHQS1BOC1BMDZSOmJyY2FfdGNnYV9wYW5fY2FuX2F0bGFzXzIwMTg,brca_tcga_pan_can_atlas_2018_mutations,TCGA-A8-A06R-01,TCGA-A8-A06R,5728,5728,PTEN,protein-coding,brca_tcga_pan_can_atlas_2018,.,.,.,22,123,0,300,89720799,89720802,TACT,T319*,Frame_Shift_Del,GRCh37,DEL,PTEN truncating,10,-,NM_000314.4,317,319
VENHQS1BOC1BMDZULTAxOmJyY2FfdGNnYV9wYW5fY2FuX2F0bGFzXzIwMTg,VENHQS1BOC1BMDZUOmJyY2FfdGNnYV9wYW5fY2FuX2F0bGFzXzIwMTg,brca_tcga_pan_can_atlas_2018_mutations,TCGA-A8-A06T-01,TCGA-A8-A06T,2625,2625,GATA3,protein-coding,brca_tcga_pan_can_atlas_2018,.,.,.,19,54,0,30,8111433,8111434,CA,X308_splice,Splice_Site,GRCh37,DEL,GATA3 truncating,10,-,NA,308,308
VENHQS1BOC1BMDZVLTAxOmJyY2FfdGNnYV9wYW5fY2FuX2F0bGFzXzIwMTg,VENHQS1BOC1BMDZVOmJyY2FfdGNnYV9wYW5fY2FuX2F0bGFzXzIwMTg,brca_tcga_pan_can_atlas_2018_mutations,TCGA-A8-A06U-01,TCGA-A8-A06U,5290,5290,PIK3CA,protein-coding,brca_tcga_pan_can_atlas_2018,.,.,.,382,44,0,156,178952085,178952085,A,H1047R,Missense_Mutation,GRCh37,SNP,PIK3CA H1047 missense,3,G,NM_006218.2,1047,1047
VENHQS1BOC1BMDZVLTAxOmJyY2FfdGNnYV9wYW5fY2FuX2F0bGFzXzIwMTg,VENHQS1BOC1BMDZVOmJyY2FfdGNnYV9wYW5fY2FuX2F0bGFzXzIwMTg,brca_tcga_pan_can_atlas_2018_mutations,TCGA-A8-A06U-01,TCGA-A8-A06U,7157,7157,TP53,protein-coding,brca_tcga_pan_can_atlas_2018,.,.,.,58,64,0,57,7578222,7578223,TC,R209Kfs*6,Frame_Shift_Del,GRCh37,DEL,TP53 truncating,17,-,NM_001126112.2,209,209
VENHQS1BOC1BMDZYLTAxOmJyY2FfdGNnYV9wYW5fY2FuX2F0bGFzXzIwMTg,VENHQS1BOC1BMDZYOmJyY2FfdGNnYV9wYW5fY2FuX2F0bGFzXzIwMTg,brca_tcga_pan_can_atlas_2018_mutations,TCGA-A8-A06X-01,TCGA-A8-A06X,2625,2625,GATA3,protein-coding,brca_tcga_pan_can_atlas_2018,.,.,.,132,147,0,22,8111513,8111514,-,D335Gfs*17,Frame_Shift_Ins,GRCh37,INS,GATA3 truncating,10,G,NA,333,335
VENHQS1BOC1BMDZYLTAxOmJyY2FfdGNnYV9wYW5fY2FuX2F0bGFzXzIwMTg,VENHQS1BOC1BMDZYOmJyY2FfdGNnYV9wYW5fY2FuX2F0bGFzXzIwMTg,brca_tcga_pan_can_atlas_2018_mutations,TCGA-A8-A06X-01,TCGA-A8-A06X,472,472,ATM,protein-coding,brca_tcga_pan_can_atlas_2018,.,.,.,38,99,0,89,108119728,108119728,T,S378R,Missense_Mutation,GRCh37,SNP,ATM S378 missense,11,G,NM_000051.3,378,378
VENHQS1BOC1BMDZYLTAxOmJyY2FfdGNnYV9wYW5fY2FuX2F0bGFzXzIwMTg,VENHQS1BOC1BMDZYOmJyY2FfdGNnYV9wYW5fY2FuX2F0bGFzXzIwMTg,brca_tcga_pan_can_atlas_2018_mutations,TCGA-A8-A06X-01,TCGA-A8-A06X,672,672,BRCA1,protein-coding,brca_tcga_pan_can_atlas_2018,.,.,.,10,225,0,106,41246734,41246734,C,E272*,Nonsense_Mutation,GRCh37,SNP,BRCA1 truncating,17,A,NM_007294.3,272,272
VENHQS1BOC1BMDZZLTAxOmJyY2FfdGNnYV9wYW5fY2FuX2F0bGFzXzIwMTg,VENHQS1BOC1BMDZZOmJyY2FfdGNnYV9wYW5fY2FuX2F0bGFzXzIwMTg,brca_tcga_pan_can_atlas_2018_mutations,TCGA-A8-A06Y-01,TCGA-A8-A06Y,2625,2625,GATA3,protein-coding,brca_tcga_pan_can_atlas_2018,.,.,.,57,93,0,91,8115710,8115711,-,L354Pfs*17,Frame_Shift_Ins,GRCh37,INS,GATA3 truncating,10,C,NA,352,354
VENHQS1BOC1BMDZaLTAxOmJyY2FfdGNnYV9wYW5fY2FuX2F0bGFzXzIwMTg,VENHQS1BOC1BMDZaOmJyY2FfdGNnYV9wYW5fY2FuX2F0bGFzXzIwMTg,brca_tcga_pan_can_atlas_2018_mutations,TCGA-A8-A06Z-01,TCGA-A8-A06Z,7157,7157,TP53,protein-coding,brca_tcga_pan_can_atlas_2018,.,.,.,38,47,0,41,7578547,7578547,G,P128Lfs*42,Frame_Shift_Del,GRCh37,DEL,TP53 truncating,17,-,NM_001126112.2,128,128
VENHQS1BOC1BMDZaLTAxOmJyY2FfdGNnYV9wYW5fY2FuX2F0bGFzXzIwMTg,VENHQS1BOC1BMDZaOmJyY2FfdGNnYV9wYW5fY2FuX2F0bGFzXzIwMTg,brca_tcga_pan_can_atlas_2018_mutations,TCGA-A8-A06Z-01,TCGA-A8-A06Z,2064,2064,ERBB2,protein-coding,brca_tcga_pan_can_atlas_2018,.,.,.,11,77,0,132,37868205,37868205,G,G309A,Missense_Mutation,GRCh37,SNP,ERBB2 G309 missense,17,C,NA,309,309
VENHQS1BOC1BMDc1LTAxOmJyY2FfdGNnYV9wYW5fY2FuX2F0bGFzXzIwMTg,VENHQS1BOC1BMDc1OmJyY2FfdGNnYV9wYW5fY2FuX2F0bGFzXzIwMTg,brca_tcga_pan_can_atlas_2018_mutations,TCGA-A8-A075-01,TCGA-A8-A075,5290,5290,PIK3CA,protein-coding,brca_tcga_pan_can_atlas_2018,.,.,.,69,131,0,133,178936091,178936091,G,E545K,Missense_Mutation,GRCh37,SNP,PIK3CA E545 missense,3,A,NM_006218.2,545,545
VENHQS1BOC1BMDc1LTAxOmJyY2FfdGNnYV9wYW5fY2FuX2F0bGFzXzIwMTg,VENHQS1BOC1BMDc1OmJyY2FfdGNnYV9wYW5fY2FuX2F0bGFzXzIwMTg,brca_tcga_pan_can_atlas_2018_mutations,TCGA-A8-A075-01,TCGA-A8-A075,5290,5290,PIK3CA,protein-coding,brca_tcga_pan_can_atlas_2018,.,.,.,104,199,0,184,178928079,178928079,G,E453K,Missense_Mutation,GRCh37,SNP,PIK3CA E453 missense,3,A,NM_006218.2,453,453
VENHQS1BOC1BMDc1LTAxOmJyY2FfdGNnYV9wYW5fY2FuX2F0bGFzXzIwMTg,VENHQS1BOC1BMDc1OmJyY2FfdGNnYV9wYW5fY2FuX2F0bGFzXzIwMTg,brca_tcga_pan_can_atlas_2018_mutations,TCGA-A8-A075-01,TCGA-A8-A075,7157,7157,TP53,protein-coding,brca_tcga_pan_can_atlas_2018,.,.,.,37,28,0,82,7578370,7578370,C,X187_splice,Splice_Site,GRCh37,SNP,TP53 truncating,17,A,NM_001126112.2,187,187
VENHQS1BOC1BMDc2LTAxOmJyY2FfdGNnYV9wYW5fY2FuX2F0bGFzXzIwMTg,VENHQS1BOC1BMDc2OmJyY2FfdGNnYV9wYW5fY2FuX2F0bGFzXzIwMTg,brca_tcga_pan_can_atlas_2018_mutations,TCGA-A8-A076-01,TCGA-A8-A076,472,472,ATM,protein-coding,brca_tcga_pan_can_atlas_2018,.,.,.,8,159,0,101,108127029,108127029,G,E738K,Missense_Mutation,GRCh37,SNP,ATM E738 missense,11,A,NM_000051.3,738,738
VENHQS1BOC1BMDc5LTAxOmJyY2FfdGNnYV9wYW5fY2FuX2F0bGFzXzIwMTg,VENHQS1BOC1BMDc5OmJyY2FfdGNnYV9wYW5fY2FuX2F0bGFzXzIwMTg,brca_tcga_pan_can_atlas_2018_mutations,TCGA-A8-A079-01,TCGA-A8-A079,7157,7157,TP53,protein-coding,brca_tcga_pan_can_atlas_2018,.,.,.,80,19,0,75,7578205,7578205,C,S215I,Missense_Mutation,GRCh37,SNP,TP53 S215 missense,17,A,NM_001126112.2,215,215
VENHQS1BOC1BMDc5LTAxOmJyY2FfdGNnYV9wYW5fY2FuX2F0bGFzXzIwMTg,VENHQS1BOC1BMDc5OmJyY2FfdGNnYV9wYW5fY2FuX2F0bGFzXzIwMTg,brca_tcga_pan_can_atlas_2018_mutations,TCGA-A8-A079-01,TCGA-A8-A079,2625,2625,GATA3,protein-coding,brca_tcga_pan_can_atlas_2018,.,.,.,67,140,0,78,8115809,8115810,CC,P386Qfs*6,Frame_Shift_Del,GRCh37,DEL,GATA3 truncating,10,-,NA,385,386
VENHQS1BOC1BMDdCLTAxOmJyY2FfdGNnYV9wYW5fY2FuX2F0bGFzXzIwMTg,VENHQS1BOC1BMDdCOmJyY2FfdGNnYV9wYW5fY2FuX2F0bGFzXzIwMTg,brca_tcga_pan_can_atlas_2018_mutations,TCGA-A8-A07B-01,TCGA-A8-A07B,5290,5290,PIK3CA,protein-coding,brca_tcga_pan_can_atlas_2018,.,.,.,92,160,1,179,178952085,178952085,A,H1047R,Missense_Mutation,GRCh37,SNP,PIK3CA H1047 missense,3,G,NM_006218.2,1047,1047
VENHQS1BOC1BMDdCLTAxOmJyY2FfdGNnYV9wYW5fY2FuX2F0bGFzXzIwMTg,VENHQS1BOC1BMDdCOmJyY2FfdGNnYV9wYW5fY2FuX2F0bGFzXzIwMTg,brca_tcga_pan_can_atlas_2018_mutations,TCGA-A8-A07B-01,TCGA-A8-A07B,7157,7157,TP53,protein-coding,brca_tcga_pan_can_atlas_2018,.,.,.,14,11,0,34,7578409,7578437,CTCACAACCTCCGTCATGTGCTGTGACTG,Q165Afs*6,Frame_Shift_Del,GRCh37,DEL,TP53 truncating,17,-,NM_001126112.2,165,165
VENHQS1BOC1BMDdDLTAxOmJyY2FfdGNnYV9wYW5fY2FuX2F0bGFzXzIwMTg,VENHQS1BOC1BMDdDOmJyY2FfdGNnYV9wYW5fY2FuX2F0bGFzXzIwMTg,brca_tcga_pan_can_atlas_2018_mutations,TCGA-A8-A07C-01,TCGA-A8-A07C,7157,7157,TP53,protein-coding,brca_tcga_pan_can_atlas_2018,.,.,.,117,131,0,418,7578213,7578214,AA,F212Sfs*3,Frame_Shift_Del,GRCh37,DEL,TP53 truncating,17,-,NM_001126112.2,212,212
VENHQS1BOC1BMDdFLTAxOmJyY2FfdGNnYV9wYW5fY2FuX2F0bGFzXzIwMTg,VENHQS1BOC1BMDdFOmJyY2FfdGNnYV9wYW5fY2FuX2F0bGFzXzIwMTg,brca_tcga_pan_can_atlas_2018_mutations,TCGA-A8-A07E-01,TCGA-A8-A07E,5290,5290,PIK3CA,protein-coding,brca_tcga_pan_can_atlas_2018,.,.,.,13,39,0,31,178921553,178921553,T,N345K,Missense_Mutation,GRCh37,SNP,PIK3CA N345 missense,3,A,NM_006218.2,345,345
VENHQS1BOC1BMDdFLTAxOmJyY2FfdGNnYV9wYW5fY2FuX2F0bGFzXzIwMTg,VENHQS1BOC1BMDdFOmJyY2FfdGNnYV9wYW5fY2FuX2F0bGFzXzIwMTg,brca_tcga_pan_can_atlas_2018_mutations,TCGA-A8-A07E-01,TCGA-A8-A07E,472,472,ATM,protein-coding,brca_tcga_pan_can_atlas_2018,.,.,.,77,134,0,151,108192065,108192065,G,E2164K,Missense_Mutation,GRCh37,SNP,ATM E2164 missense,11,A,NM_000051.3,2164,2164
